{"Q_min_-0.18": [-0.05047277032639846, 0.12224157619321575, -0.005357582175771564, -0.03346969545834866, -0.00869844926260377, -0.00839805001819842, 0.007458796455671124, -0.1009518931996529, 0.24447254549149877, -0.010737141920136745, -0.066971084268634, -0.017417348923083612, -0.016805860002358668, 0.014903633517561115, -0.1514436255470624, 0.3666819993436514, -0.01616084567511803, -0.1005360354791983, -0.026177336126920584, -0.02523325124879571, 0.022320393188044775, -0.20195403440470777, 0.4888584341842283, -0.021651237188125966, -0.13419677029075086, -0.03499942091198386, -0.033690164206379235, 0.029694640714946385, -0.25248890558252646, 0.6109894757777804, -0.027231424818470143, -0.16798603992963076, -0.04390517088662978, -0.04218670887644123, 0.03701146755755815, -0.30305365735769046, 0.7330616329024424, -0.032925266518893, -0.20193730536741233, -0.05291689302276288, -0.0507332030683057, 0.04425533657798131, -0.3536532620918369, 0.8550600953242704, -0.0387575504355328, -0.2360849188943685, -0.06205781022513587, -0.05934019263258868, 0.0514099312980518, -0.4042921798219592, 0.9769685950128437, -0.04475416774481437, -0.2704643067867737, -0.07135222891919776, -0.06801844653738, 0.05845801217004361, -0.3658041091411423, 1.18305872206977, -0.053549841578008975, -0.35758558152239533, -0.08413625679498105, -0.07677891912294042, 0.06538128444122615, -0.3273033978607548, 1.3890761228431974, -0.06256656711805686, -0.4450465424525915, -0.09712855659695772, -0.08563267452126917, 0.07216028459891821], "q_dot_-0.18": [0.13726605733322927, 0.13727109958587366, 0.1372781853888483, 0.13728677056216848, 0.13729618080086492, 0.13730566171895994, 0.13731444851100738, 0.22783779623320452, 0.22792397613846707], "dist_min_obs_-0.18": [0.1999387881397931, 0.16029333406402757, 0.12518123633381978, 0.09713859027934701, 0.06477253424120058, 0.01582007609581903, 6.496516102204308e-06, 0.0030692147234404887, 0.07885801168672074], "initial_cost_-0.18": 9.42062580185864e-09, "principal_cost_-0.18": 1.1789801344800391e-07, "obstacle_cost_-0.18": 8.440944293266025e-09, "terminal_cost_-0.18": 4.298584492043586e-05, "grad_-0.18": [6.352546855991616e-12, 1.060689493275244e-11, 2.197756859361769e-11, 3.1693351936691776e-11, 2.0450397876070196e-11, 9.759965961824859e-12, 1.3959393781134183e-11, 1.2609474155040649e-11, 2.1515446130360112e-11, 4.4144010616104745e-11, 6.356240027895102e-11, 4.108754335712835e-11, 1.9581262276797138e-11, 2.8077391406330628e-11, 1.867651023589041e-11, 3.301901157576448e-11, 6.668775802665007e-11, 9.578360098826263e-11, 6.209758122630435e-11, 2.952171114648011e-11, 4.2512143582050336e-11, 2.4462320173308123e-11, 4.5393247024792003e-11, 8.979611733624053e-11, 1.2853482732734318e-10, 8.366518958264133e-11, 3.9631712478471926e-11, 5.7420684289841916e-11, 2.9880597345325216e-11, 5.888446889007277e-11, 1.1365407007868106e-10, 1.6199579890166334e-10, 1.0597216148718751e-10, 4.9949521802476754e-11, 7.295782218861106e-11, 3.485295898241905e-11, 7.369470283403806e-11, 1.3844221621694174e-10, 1.9634808917459206e-10, 1.2919506623988725e-10, 6.049537241851212e-11, 8.927430035266739e-11, 3.9312995975867305e-11, 8.996273325468143e-11, 1.643333926417696e-10, 2.3177436544902902e-10, 1.5350149168889866e-10, 7.126434050833094e-11, 1.0651384807867891e-10, -8.912698841093918e-08, -8.418162736835287e-08, 2.7990565239130385e-09, 5.2741886843216455e-08, 3.4896091817213926e-09, 8.221868076911012e-11, 1.2480860080926685e-10, -1.2640599570629833e-11, 7.272628349873989e-11, 2.2105170685327813e-10, 3.3968619457453324e-10, 2.0827192619339533e-10, 9.328281276832558e-11, 1.4427211349048303e-10, -0.007576154369972054, -0.0009990080861050576, -0.0027645878357453833, 0.0011891859699525984, -0.001018252699145267, 0.002198016740069646, 6.77900015547947e-09], "Q_min_-0.17": [-0.02120812230545695, 0.13648724110941704, 0.06313394534497736, 0.06635249149661815, 0.02583258450104267, 0.04938704669011978, -0.0517161628620941, -0.04242006453261118, 0.2729909312730985, 0.1263038456919531, 0.1327072019350981, 0.05166531153503914, 0.09878684351172685, -0.10353143552122175, -0.06363859296374813, 0.40952887776778507, 0.18954774536869298, 0.19906900627344565, 0.07750046990103361, 0.14821364120831076, -0.15554393558171198, -0.08486348796395628, 0.5461236685745018, 0.2529100398777176, 0.26545114667657704, 0.10334689544538529, 0.19768633026060767, -0.2078483598356664, -0.1060869816842643, 0.6828122223302935, 0.3164521566707336, 0.33189009074938425, 0.1292310575527485, 0.24723646220516077, -0.2605292339202424, -0.12728174585559413, 0.8196723763216749, 0.3802804527858569, 0.3984864275261979, 0.15522638376561265, 0.2969299679032885, -0.313641607232532, -0.14836236600013147, 0.9569073981422059, 0.44462492909408324, 0.4655401090331333, 0.18153997496432753, 0.3469365244398679, -0.36714351067939616, -0.16898958955047227, 1.0952523080120649, 0.5101302675367259, 0.5342600874834266, 0.20887580453287521, 0.3978727849258716, -0.420511750125095, -0.18690426285228098, 1.2392821347119334, 0.579678621871636, 0.6129233409225926, 0.2410585796697348, 0.453663493129844, -0.46923929295522715, -0.07472792769488275, 1.9472560635025578, 0.6051161693297502, 0.5730851044158788, 0.21239330426348618, 0.46490398499327745, -0.4491311929149581], "q_dot_-0.17": [0.18239813601388755, 0.18251652145493313, 0.18270560868586552, 0.18299292671475212, 0.1834534516661397, 0.18430888759262293, 0.18646206164531487, 0.19650220125664292, 0.7193032394504443], "dist_min_obs_-0.17": [0.18319514737161488, 0.14259371358624978, 0.10763509453401049, 0.08106801020022403, 0.06476536055276899, 0.03204045518506676, 0.0016541733278735427, -0.01406040820604168, 0.09549635585296912], "initial_cost_-0.17": 1.6624031961984477e-08, "principal_cost_-0.17": 3.959262060438671e-07, "obstacle_cost_-0.17": 0.03953901578410492, "terminal_cost_-0.17": 4.3422230404677154e-12, "grad_-0.17": [3.81992169727675e-12, -1.6449054264403903e-11, -3.5955001998372414e-11, -2.218941861805148e-12, -1.4253295379918195e-13, -1.275013148729467e-11, 9.910979703355002e-11, 6.586203982727518e-12, -3.4256331005164064e-11, -7.399932976413679e-11, -7.0938998675814386e-12, -2.431331997998822e-12, -2.7000874976833028e-11, 1.97227401362573e-10, 6.366569071191488e-12, -5.684431203010466e-11, -1.1839483228472853e-10, -2.0336064783869804e-11, -1.1267178357211398e-11, -4.589135571299825e-11, 2.91924193464207e-10, -1.4012799001282084e-12, -9.376294907499081e-11, -1.79822283991415e-10, -5.680366967580694e-11, -3.773656301152255e-11, -7.744289225619834e-11, 3.764498306215751e-10, -2.872954897818919e-11, -1.716002355897007e-10, -2.861793221072879e-10, -1.5739270400645637e-10, -1.1116410550095406e-10, -1.43373753574647e-10, 4.314992277135674e-10, -1.1414402679247911e-10, -3.748678291496422e-10, -5.161801931030051e-10, -4.573447301217599e-10, -3.1826498585071666e-10, -3.1305083845161704e-10, 3.8953013457460405e-10, -4.5339659419655196e-10, -1.109888049327869e-09, -1.160862134416289e-09, -1.6662969433578367e-09, -1.0222383698328131e-09, -9.297039494243251e-10, -1.3366400116532395e-10, -2.7125502485320875e-09, -5.684916830009597e-09, -4.043015892267531e-09, -9.94327498887277e-09, -4.846945568311888e-09, -4.8544477179687225e-09, -4.640696615566706e-09, -1.3009100845920695e-07, -5.639441020907559e-07, 4.411080687679592e-08, 1.1850148994587985e-07, 6.084805054310818e-08, 4.455021634053896e-08, -6.883564287040118e-08, 3.3948186807124048e-06, 1.8973527920961474e-07, -6.834740281324814e-07, -1.9505304939106834e-06, 2.5338179269181236e-07, 2.812760568106423e-07, 2.010810002581705e-08], "theta": [-0.18, -0.16999999999999998]}