{"Q_min_-0.18": [-0.050924675058613963, 0.12445675107732176, -0.005954031963318053, -0.03260167464565111, -0.009676984268235675, -0.007574905744839672, 0.005744207451610255, -0.10185636181714582, 0.2489037458954402, -0.01193222240468911, -0.06523608459821559, -0.019377225117805236, -0.015162926528991942, 0.011470311800486114, -0.15280196255065057, 0.37333089460222657, -0.017958936990496593, -0.09793615836263411, -0.029124186569629763, -0.022777262966489572, 0.017160021256054935, -0.2037681621134981, 0.49772744908778144, -0.024058955315309546, -0.13073521170295385, -0.03894174694117627, -0.03043128288719369, 0.022794666995716393, -0.25476132306629357, 0.6220816973695001, -0.03025767648346921, -0.1636671433191247, -0.04885440425921901, -0.038138594638357316, 0.02835501573261878, -0.305787386171545, 0.7463806895585939, -0.03658132226698977, -0.19676663264402044, -0.0588874787741548, -0.04591310669749569, 0.03382108423894023, -0.3568517793874827, 0.8706100115109132, -0.043057135650369435, -0.23006933980730232, -0.0690673101373658, -0.053769066886266134, 0.03917195764993106, -0.40795933975811927, 0.9947536265582584, -0.0497135711437636, -0.26361210697773324, -0.0794214452843286, -0.061721072955568244, 0.04438561455855208, -0.3635778801768928, 1.1960501806599175, -0.058658454149670615, -0.3483590663160375, -0.09096779171009964, -0.0697840455261232, 0.04943876365703107, -0.31917834443279064, 1.3972788542938006, -0.0678462840304556, -0.4334598645559047, -0.10274871516440387, -0.077973156978712, 0.054306699260831155], "q_dot_-0.18": [0.13916283883354041, 0.13917090160270987, 0.13918247782874393, 0.13919697806120768, 0.13921367314924768, 0.1392317495184054, 0.13925038592592032, 0.22355298847277502, 0.22365242776814717], "dist_min_obs_-0.18": [0.19843932938668113, 0.15822400556703609, 0.12282053701760581, 0.09493172964958607, 0.059165731913730917, 0.011621760354565323, 1.7380275242444287e-05, 0.005735444666884026, 0.07794019841376548], "initial_cost_-0.18": 9.682572122843488e-09, "principal_cost_-0.18": 1.1781767017445824e-07, "obstacle_cost_-0.18": 0.0, "terminal_cost_-0.18": 2.736454103151465e-05, "grad_-0.18": [7.01169991789083e-12, 9.75625920333125e-12, 2.4158478053003263e-11, 3.273530691336482e-11, 2.3256581333887205e-11, 1.3115039312597487e-11, 1.810310273439557e-11, 1.3913974972897874e-11, 1.9846111332045263e-11, 4.8524144436427204e-11, 6.566381185404487e-11, 4.672060225496611e-11, 2.631565334536017e-11, 3.6394893307038086e-11, 2.0598829342783065e-11, 3.059422123152446e-11, 7.330373900547026e-11, 9.89795759012177e-11, 7.059891972197828e-11, 3.968348320648931e-11, 5.50637159073639e-11, 2.6961389947924293e-11, 4.2306203836142384e-11, 9.870284334671105e-11, 1.328782758511247e-10, 9.509694649623712e-11, 5.3291830459505875e-11, 7.429700275907077e-11, 3.2902152455964196e-11, 5.525609262490602e-11, 1.2492461536089642e-10, 1.675577087248677e-10, 1.204171968930478e-10, 6.720030797474823e-11, 9.428023058093494e-11, 3.833011068627131e-11, 6.967023677452838e-11, 1.5216759985910463e-10, 2.0321783838614864e-10, 1.4675684827521329e-10, 8.144812963207431e-11, 1.1519509533062072e-10, 4.3167154698874214e-11, 8.570690497408761e-11, 1.8062211001450237e-10, 2.400600071490442e-10, 1.743037837517852e-10, 9.604588053166346e-11, 1.3721650236980813e-10, -9.548901995186305e-08, -7.715293905431397e-08, 2.2884475125128438e-09, 5.120419216787337e-08, 1.1922112788082526e-09, 1.1096650125284879e-10, 1.605078101420342e-10, -1.8076162875692427e-11, 6.788046777604862e-11, 2.4294687487797774e-10, 3.538389015628628e-10, 2.345770285331892e-10, 1.2613888203383914e-10, 1.8521349467890584e-10, -0.005615603874838314, -0.0006442733974484952, -0.0020141287133652636, 0.0008340472636819702, -0.0007561324412795929, 0.00178444820490309, 4.867935602297179e-09], "Q_min_-0.17": [-0.021127641413611252, 0.12213477814421601, 0.05064021074161367, 0.058460759522755215, 0.026432404675366908, 0.038102473123957724, 0.011951628344677804, -0.04242258932622316, 0.24490596157530262, 0.10179680391082666, 0.11736149370871439, 0.053203823910472334, 0.07647682380103028, 0.024045217196574025, -0.06405405595166634, 0.3689202930816849, 0.15399454409023514, 0.17713220323795142, 0.08066291916689536, 0.11538417463407644, 0.03642514484497098, -0.08619512405402145, 0.4947215775465678, 0.2077753554143716, 0.23818136567666584, 0.10917835425386306, 0.15506281221693585, 0.04924074384918451, -0.10902484795219358, 0.6227500800298742, 0.26370791216087397, 0.3008810341271966, 0.13915062362844705, 0.19571345008864596, 0.06264908148749936, -0.1327306626658637, 0.753290995274378, 0.3223985014620821, 0.3655463257714898, 0.17102622044987684, 0.23748063396651894, 0.07681812108883466, -0.15751401688377387, 0.8864124202740415, 0.38450398502419136, 0.43240518015505053, 0.20531502848476355, 0.2804299715309116, 0.09193052137151111, -0.18374152573109268, 1.0220553067206144, 0.45076651501242543, 0.501501700945979, 0.2426060614576092, 0.3245349467389724, 0.10819455721048071, -0.21891732449761828, 1.1678941927585522, 0.5229786011961945, 0.570082574763159, 0.28329571202300013, 0.3702290164846666, 0.1261610929496372, -0.2568257467302726, 1.8403663059439075, 0.5880684618252024, 0.39093390948693457, 0.32824496472939146, 0.3859010389179129, 0.15807429998244127], "q_dot_-0.17": [0.15475169262099583, 0.15673437094184095, 0.15964751757339102, 0.16340987693054093, 0.16789995361854865, 0.17294935251157878, 0.1784721708553008, 0.19102521096366878, 0.7023327032854392], "dist_min_obs_-0.17": [0.19241152387225777, 0.15503501269241127, 0.1211106377172681, 0.09277116603083374, 0.07217316196794482, 0.05557400892196629, 0.024449870998221296, 1.0000000000065512e-05, 0.10493182602896414], "initial_cost_-0.17": 1.1819342253572524e-08, "principal_cost_-0.17": 3.6020995660321713e-07, "obstacle_cost_-0.17": 0.0, "terminal_cost_-0.17": 5.456734844223905e-09, "grad_-0.17": [1.673064990006575e-10, -6.364052868705973e-10, -5.163824275993102e-10, -4.3997466320396184e-10, -3.3901455973851606e-10, -2.7187755311483187e-10, -1.4196050721841762e-10, 3.365187128312674e-10, -1.2431480752956844e-09, -1.041147010195502e-09, -8.699753432778523e-10, -6.876760213175977e-10, -5.330001559735954e-10, -2.8633879650073535e-10, 5.096014769119333e-10, -1.7869529585006295e-09, -1.583071144727968e-09, -1.278452909477399e-09, -1.0563398305446752e-09, -7.712867498132609e-10, -4.356713558165736e-10, 6.88655795817017e-10, -2.2272180184234504e-09, -2.1517454223659314e-09, -1.6505060118163188e-09, -1.4568342876162819e-09, -9.720002888506993e-10, -5.92738634101315e-10, 8.760908154979863e-10, -2.512412761197472e-09, -2.7580325547057447e-09, -1.965623193762494e-09, -1.903327446845808e-09, -1.1165460061628763e-09, -7.607019630204642e-10, 1.077539504240057e-09, -2.580509755159685e-09, -3.4148942609011367e-09, -2.193562739267459e-09, -2.413211213456916e-09, -1.1821536865196638e-09, -9.433606813411394e-10, 1.4441546294086357e-09, -2.5214614469093577e-09, -4.157046426124803e-09, -2.23766640736778e-09, -3.0022249379589576e-09, -1.155637643668126e-09, -1.1516355562931485e-09, 8.948289919206793e-09, -1.0195999591364936e-08, -5.9495561955350556e-09, 5.156469737484565e-10, -3.3986175925452565e-09, -1.589094537633456e-09, -1.702499900186893e-09, 2.732623466128707e-09, -5.266332271474175e-07, 7.122225554761223e-09, 2.477295390934045e-07, -4.259602141000405e-09, 3.0022047312447956e-08, -1.3946671293647572e-08, -5.078462653923533e-06, -4.4635650671260316e-05, -7.988892000282239e-07, -1.3217139832836596e-05, 2.4580214317491608e-06, 2.3964640009968226e-05, 3.191320699538099e-08], "theta": [-0.18, -0.16999999999999998]}