{"name": "Iteration 80", "Q_trs": [0.016643296023367393, 0.06802578248769828, -0.024071837361005214, -0.07639793545234136, -0.01965163070954789, 0.047393456832145145, 0.012792419437231558, 0.03329187352295619, 0.13603733528983866, -0.04815401835074164, -0.1528256902864764, -0.039296842511168155, 0.0948058876909894, 0.025591282123128594, 0.049950989285446064, 0.20402037549579316, -0.07225691908531374, -0.22931308403694917, -0.05892926074944842, 0.14225630937514994, 0.03840303830783225, 0.06662556642562203, 0.2719601641444398, -0.09639106399747907, -0.3058898964821517, -0.07854305765372532, 0.18976382429142497, 0.051234152241273506, 0.08331647382236178, 0.3398369082241288, -0.12056824132475458, -0.38258534708587005, -0.0981389553623014, 0.2373476634196797, 0.06409110916502894, 0.09997615073157723, 0.4075711702384303, -0.14481453027320976, -0.4594218468866883, -0.11779577494112117, 0.2850272294708154, 0.07698042229431976, 0.11597978490889733, 0.47437356384364715, -0.16932526729244765, -0.5363405006862619, -0.13852303643338695, 0.3328221403064961, 0.08990863978872769, 0.12382466146102263, 0.5309971697485604, -0.19631084889499265, -0.6123136465671449, -0.17241909345932374, 0.3807522727425536, 0.10288235173860101, 0.09017819787492334, 0.5953009456759224, -0.21324654750080366, -0.7087636892423554, -0.21011643801032695, 0.4288378074965502, 0.11590819753918792, 0.055266535104622524, 0.6609320865096612, -0.2284477246960338, -0.8066303719496015, -0.24904481635717182, 0.4770992836539065, 0.12899287814483498, 0.02053431538184323, 0.7255794964501088, -0.24327066037937825, -0.9050389168154547, -0.2876746789543943, 0.5255577617607554, 0.1421432268038211, -0.014132567492287838, 0.7900951585871325, -0.25831303952412976, -1.0036765596067412, -0.3262472439880513, 0.5742362758483082, 0.15536697706444952, -0.04876719198860028, 0.8544691797914312, -0.2734672137405256, -1.102531680995327, -0.36480191817375285, 0.6231766383247258, 0.1686818400289381, -0.08384182936609025, 0.9196439081606187, -0.28894407312860726, -1.1999252500618405, -0.40302849829187404, 0.6726391841416751, 0.18222359588473144, -0.125388647898864, 0.9972571222918014, -0.30745676323431986, -1.2753837862666613, -0.43702293999386227, 0.7254912648979391, 0.19753369456541137], "q_dot": [0.11883426875381897, 0.11887643408437462, 0.11893958149678702, 0.11902138092769708, 0.11909270037444951, 0.11881516447059631, 0.1156826383787144, 0.1369652139314192, 0.13910798612919675, 0.13893522907575329, 0.13911157124030502, 0.13929990451395444, 0.13890359928767448, 0.1340523149654684], "dist_min_obs": [0.08497199351231399, 0.04941363129014964, 0.020064152147787784, 0.008797342814921144, 0.014794203718142274, 0.0016459678269774014, -0.0026990202508410666, -0.009898970601743134, -0.006344531150706684, 0.004018124261524925, 0.016715845575174915, 0.03426403075389417, 0.05813058720475772, 0.08857286626556055], "initial_cost": 7.0582883080013945e-09, "principal_cost": 1.158413578960498e-07, "obstacle_cost": 0.01305823094275458, "terminal_cost": 2.3398499886995077e-11, "grad": [-5.281476221407304e-12, 1.422968555789445e-11, 1.0343628731207125e-11, 2.981938179369477e-11, -6.418907927625162e-12, -1.897402669911102e-11, -6.443248665477366e-12, -1.053826290107125e-11, 2.8512596185896603e-11, 2.0719744835682958e-11, 5.963891633769812e-11, -1.27935633400014e-11, -3.7990825316281407e-11, -1.2893498806623047e-11, -1.546137768610018e-11, 4.325155730786186e-11, 3.124417759321957e-11, 8.941869472978198e-11, -1.8621334003356502e-11, -5.7093232114490474e-11, -1.935774873759274e-11, -1.6330256563772626e-11, 6.304456895759538e-11, 4.303241511018057e-11, 1.1863815851582332e-10, -1.7899195700833793e-11, -7.63242119797045e-11, -2.5842990314183574e-11, 3.123048752429104e-11, 1.424820653875458e-10, 6.911162117967304e-11, 1.4104919709990167e-10, 6.092187024370108e-11, -9.572692288095478e-11, -3.2356205535376074e-11, 6.560427318953447e-10, 9.318684090846557e-10, 2.64448070782714e-10, 8.215399875538083e-11, 1.0704419134460054e-09, -1.153447845450225e-10, -3.89043651171228e-11, 8.158757625194819e-09, 1.017878770030361e-08, 2.474844583307099e-09, -9.455079186906366e-10, 1.316879553367101e-08, -1.3522160037676934e-10, -4.549445546538118e-11, 4.149134013822457e-08, -7.680170022448816e-09, -1.0049882996733983e-08, 2.0476896794327525e-08, 3.801287525066416e-09, -1.554023179391434e-10, -5.213385071359205e-11, 1.2651991842015409e-09, -1.3273649063767434e-09, -1.7345214105808626e-09, 1.4166400320355634e-09, 1.2310337958416617e-09, -1.7594140335968993e-10, -5.883480506015217e-11, -1.7944304752152958e-10, 9.837308932911807e-10, -3.7824151188570134e-10, 5.418621586070731e-10, -2.9851574962239046e-10, -1.970019494925754e-10, -6.566805333905975e-11, -6.533684864822137e-11, 1.3174780342383932e-10, 2.1944346140706392e-10, 2.2909792543334258e-10, -5.729756356546205e-11, -2.2003598070385778e-10, -7.34016016422917e-11, -3.2258377818635256e-11, 1.4164093272506686e-10, 1.117950716443563e-10, 2.1747859729926019e-10, -1.7890847955510298e-11, -2.6184838886489556e-10, -9.111270386016917e-11, 4.400128811775334e-10, -8.007071648887743e-10, 3.2268517168576683e-10, -1.4615523220722142e-09, -3.280940675803234e-10, -5.221833405316616e-10, -2.2689289130475839e-10, 6.4721811552837905e-09, -1.2438485761995253e-08, 3.035830717630973e-09, -2.193503286169276e-08, -4.232138416132959e-09, -3.389534939314715e-09, -1.7683428248865824e-09, 7.85686095906734e-06, -1.3643670576158326e-06, 5.365320652231124e-06, -1.0251996654789754e-06, 7.433906706396067e-07, -9.144827405876309e-07, 1.5310098722841606e-08]}