{"name": "Iteration 77", "Q_trs": [0.0166427678229058, 0.0680272055984977, -0.024070802894728294, -0.07639495321596833, -0.01965227266457398, 0.04739155923977774, 0.012791775047939524, 0.03329081959094979, 0.13604018683412716, -0.04815194616920894, -0.15281972579841374, -0.039298121995984675, 0.09480208822863512, 0.025589992644326945, 0.04994944298900944, 0.20402470107898546, -0.07225379435637644, -0.2293041412727289, -0.058931123075612005, 0.14225059948113472, 0.038401102339402, 0.06662393318823347, 0.2719664691721368, -0.09638676033993487, -0.3058780314731101, -0.0785448478303863, 0.18975619110715664, 0.05123156768384016, 0.08331959660616757, 0.3398511571455394, -0.12056132964077765, -0.3825712406743619, -0.0981328634967573, 0.2373380897703375, 0.06408787322094829, 0.10004175468729143, 0.40766435794048994, -0.14478808483671082, -0.459413629696506, -0.11768873113419102, 0.285015693839172, 0.07697653146880633, 0.1167957477108087, 0.47539157311073854, -0.1690777301600151, -0.5364350799729978, -0.13720600420486312, 0.3328086167945463, 0.08990408988828591, 0.12468262395163764, 0.5309252348279594, -0.19859287950578033, -0.6110740226301352, -0.17192929734847853, 0.3807367309570948, 0.10287713783225269, 0.08995644255941593, 0.5959702842501101, -0.21339189716840373, -0.7087596545959767, -0.21053468250424456, 0.42882021159732164, 0.11590231347046615, 0.05523575306598281, 0.6608695939945819, -0.2282778638350777, -0.8067285563582995, -0.24911392081838163, 0.4770795814909113, 0.12898631068372082, 0.02052778339303298, 0.7255926701348898, -0.24324871313229196, -0.9050160030525826, -0.28768041034446135, 0.5255357559811037, 0.1421358859196184, -0.014135794091846274, 0.7901093250490556, -0.2583018592175531, -1.0036548079048138, -0.32624903290214546, 0.5742100886094603, 0.15535786500100557, -0.048723191860250745, 0.8543891117633011, -0.2734349444987607, -1.102677832048608, -0.36483472726761046, 0.6231244173758559, 0.16865914987654845, -0.08320243483500056, 0.9184012851469006, -0.2886458490054223, -1.2021179825013317, -0.4034525104821986, 0.672301111688175, 0.18204672530112512, -0.11754134432716698, 0.9821147611693336, -0.3039327124609375, -1.302008205287246, -0.44211750781206743, 0.7217631200620921, 0.1955276654316836], "q_dot": [0.11883216146529683, 0.11887434243857305, 0.11893772932951274, 0.11902246093440548, 0.11912872277972279, 0.11925674751978527, 0.11514954359141569, 0.13845689516477827, 0.1386559042912599, 0.13887604019310762, 0.13911047203121046, 0.13935975097854447, 0.13962449389351383, 0.1399053986528161], "dist_min_obs": [0.08497132753407849, 0.04941351213895173, 0.020064088003330455, 0.008800123351839884, 0.014794839544135463, 0.0018426930077191095, -0.0026324041265784193, -0.009885966799201035, -0.006345066563246987, 0.00402079916401929, 0.01671891050261126, 0.0342581815855012, 0.057965952306197305, 0.08608485625418894], "initial_cost": 7.058038034075744e-09, "principal_cost": 1.168808365025419e-07, "obstacle_cost": 0.012992786656697662, "terminal_cost": 0.00017722612782653245, "grad": [-5.283945138192415e-12, 1.4224362868247495e-11, 1.034037975235311e-11, 2.981936647708915e-11, -6.4233331632849856e-12, -1.8969749079643477e-11, -6.442548447897262e-12, -1.0571630015662994e-11, 2.8466990771157777e-11, 2.0704912686853747e-11, 5.964289186976305e-11, -1.2848251783363236e-11, -3.798226364222283e-11, -1.2892098687632763e-11, -1.586680116437136e-11, 4.274615170697663e-11, 3.11177963909348e-11, 8.947472606602194e-11, -1.927632485303295e-11, -5.708037352231174e-11, -1.9355649363102527e-11, -2.11732187100773e-11, 5.708011974873778e-11, 4.160331728433818e-11, 1.193190008705729e-10, -2.570908840329626e-11, -7.630703715894098e-11, -2.5840192669976814e-11, -2.649466318975491e-11, 7.148717845202204e-11, 5.218589509039928e-11, 1.4917982089237001e-10, -3.2148028937278526e-11, -9.57054056536811e-11, -3.235271074990136e-11, -3.18349423934086e-11, 8.598562470196918e-11, 6.289012737109711e-11, 1.7906125434763647e-10, -3.859456676162594e-11, -1.1531888653976373e-10, -3.8900171621545236e-11, 8.867116782688326e-09, 1.2193553453027746e-08, 5.225504022460972e-09, -2.3825076193543297e-09, 1.5206020072943318e-08, -1.351912071742052e-10, -4.548952448719872e-11, 4.2613057633050654e-08, -9.511387704929875e-09, -1.4716131683141844e-08, 2.3046689308704008e-08, 3.882092012150621e-09, -1.5536647767833006e-10, -5.2127694246673923e-11, -5.491898788592684e-12, 1.457396776789529e-10, 8.694900405056913e-11, 2.8326979648142507e-10, -2.614684162896561e-11, -1.758892533628116e-10, -5.882157504122368e-11, -1.271982048329636e-11, 1.7623360416385125e-10, 8.48826305402951e-11, 3.185449319601412e-10, -1.2748788057347935e-11, -1.9680459660276793e-10, -6.557802264289786e-11, -4.439218807057281e-11, 2.064212261421141e-10, 8.229678804688842e-11, 3.5135815794817217e-10, 2.133031604397844e-12, -2.1815813816422234e-10, -7.240384548959367e-11, -7.617971647478374e-11, 2.3686819992030453e-10, 7.993919594645193e-11, 3.842192915629683e-10, 1.707180778088351e-11, -2.3999613803893403e-10, -7.930579415571597e-11, -1.0815479365465095e-10, 2.676133306460659e-10, 7.781922545396729e-11, 4.1712630892966147e-10, 3.20888491231448e-11, -2.623655459235208e-10, -8.629054903377931e-11, -1.403334825833941e-10, 2.9869736116639465e-10, 7.595894885364957e-11, 4.500723331903795e-10, 4.721411528069021e-11, -2.853140615980356e-10, -9.33647059818133e-11, 0.021600009675386767, -0.004394075460500847, 0.014881411755950237, -0.002613042060747046, 0.002142083631789732, -0.0026666740766055027, 1.3480940151375939e-08]}