{"Q_min_-0.18": [-0.04092560364373702, 0.13675496947779703, 0.027024714436474098, 0.010655011745115711, 0.02168577993755123, 0.0039928763357546665, 0.029379375052225324, -0.08198764522131692, 0.2739207485807189, 0.05430674432068435, 0.021542634589013187, 0.04363298536152432, 0.008052082416312957, 0.058964636966943006, -0.12332054286097587, 0.41189635746398195, 0.0821027925300713, 0.03289658071053324, 0.06610228793275794, 0.01223856861044127, 0.0889608429743926, -0.16505438490806323, 0.5510557913982538, 0.11066799893210026, 0.04495259473528648, 0.0893524871343981, 0.016601923872151755, 0.11957110380611342, -0.2073124047588276, 0.6917323706210824, 0.14025421627182175, 0.05794876304138945, 0.11363852308814633, 0.021173138373931515, 0.15099486900774425, -0.2502125188770941, 0.8342050517493708, 0.17110639008672374, 0.07212203883185475, 0.13920699874808326, 0.025954937720772932, 0.1834253333355033, -0.29393006999585497, 0.9787498551045957, 0.2034491832603178, 0.087668674423132, 0.1662756600502963, 0.030902520296924793, 0.21704664500169765, -0.3398359597757491, 1.1266137230553261, 0.23736650861225483, 0.10424461092374192, 0.1948042887163194, 0.03581686534555247, 0.2520452488485972, -0.4122917848016808, 1.2965874805602944, 0.2709498639812841, 0.11280521854355748, 0.22063083157984179, 0.03904448938067856, 0.28891362773789636, -0.35958932861460907, 1.6404530503228167, 0.28956540138203607, 0.036868791783255236, 0.23916985118593093, 0.015575709698691013, 0.3345529115242804], "q_dot_-0.18": [0.15078738807908743, 0.1518860693484405, 0.15350888839450175, 0.15562148114728064, 0.15817702299658137, 0.16118238798794707, 0.16570804598386063, 0.19333586272682968, 0.3607095523968649], "dist_min_obs_-0.18": [0.19499636923986716, 0.15372401912059586, 0.11640432503175846, 0.08610327944391538, 0.036476275669384606, 0.004063000169405612, 1.0025565131903391e-05, 0.011981863144557535, 0.083530834943979], "initial_cost_-0.18": 1.1285027483765416e-08, "principal_cost_-0.18": 1.6976913249422161e-07, "obstacle_cost_-0.18": 0.0, "terminal_cost_-0.18": 8.697340799949015e-11, "grad_-0.18": [1.3643793384287813e-10, -4.108096251248584e-10, -2.573154477361546e-10, -2.326110987817644e-10, -2.6142548642185724e-10, -6.632974480362455e-11, -2.0588686249235937e-10, 2.70856062079048e-10, -8.098297803411534e-10, -5.140183251766951e-10, -4.663232776225752e-10, -5.220971472605333e-10, -1.2728011357002288e-10, -4.109440927319179e-10, 4.00944407428427e-10, -1.1838250510087936e-09, -7.691581926420127e-10, -7.02067903233193e-10, -7.808966304065396e-10, -1.7686906758217084e-10, -6.140548242712186e-10, 5.241778036769823e-10, -1.5171452885568045e-09, -1.021010937692521e-09, -9.401542813497215e-10, -1.0358367521080733e-09, -2.0785924006927728e-10, -8.135043699100122e-10, 6.420942675021735e-10, -1.796101905459733e-09, -1.2659564751805025e-09, -1.1771074843623399e-09, -1.282439706188698e-09, -2.1058484506165503e-10, -1.0066991261282057e-09, 8.174370004943334e-10, -2.072122226936524e-09, -1.4906193586920736e-09, -1.3733598008119463e-09, -1.5001856422760958e-09, -1.6578322931044522e-10, -1.1908473384353308e-09, 2.1883386611332645e-09, -3.319064595505586e-09, -1.5745321783429746e-09, -1.0293009093326657e-09, -1.4599673638101011e-09, 3.3237527524182396e-11, -1.3772921807051687e-09, 2.6549935246037613e-08, -2.210988955423777e-08, 3.339699829077472e-10, 8.015328880794358e-09, 2.702085802500753e-09, 1.6867210135015915e-09, -1.869775042399631e-09, -1.2515828121300348e-07, -1.7389181225755414e-07, 1.496781796827734e-08, 8.44970343801178e-08, 7.2875232574332335e-09, 2.6696403717113633e-08, -8.770904897084874e-09, -2.2598596004408783e-06, -4.543298728366202e-06, 9.400344403936791e-08, 8.748993534296965e-07, 6.360498714051256e-08, 3.4556557102260874e-06, 4.563928378646239e-08], "Q_min_-0.17": [-0.00589169062769617, 0.10646592124324206, -0.13463202872497546, -0.09818657468422654, 0.09372838756227546, -0.017885587971265434, -0.0757850043428889, -0.010949115763251343, 0.2120749741566685, -0.27357629838699044, -0.19981720820834864, 0.18951252424398657, -0.036388773075556546, -0.15419932944996295, -0.014376370687818031, 0.3159938530427279, -0.4208712420793906, -0.3082561445236448, 0.289211901200079, -0.056108828142343005, -0.23770537842009298, -0.015540767300763855, 0.4175231526682338, -0.5796357231043183, -0.4265396984875119, 0.3942410382912375, -0.07757793470093981, -0.3281310125146477, -0.014796031765656463, 0.5168269926508993, -0.7492843846794909, -0.5561238420049884, 0.5057815475629869, -0.10100232732987435, -0.4241437438371897, -0.019058480388319216, 0.6196684498715234, -0.9102779470253387, -0.6896471848082079, 0.6301976328215102, -0.124653506415197, -0.5056406200330876, -0.07337680377871582, 0.7635716871373364, -0.9448170203794096, -0.7726251215323535, 0.8165688701727101, -0.13602513810907735, -0.44854192155077094, -0.12840460625554023, 0.9067592649517161, -0.952971580934448, -0.858207122467891, 0.9651537986955402, -0.14872268855325796, -0.3807872435781585, -0.10265265043047428, 1.0716223798471187, -0.9014945198390903, -0.9282347119224668, 1.0035570548167558, -0.16361988476181924, -0.3257329250646316, -0.0594680032031082, 1.2226610349101936, -0.848720683163973, -0.980515692994045, 0.9927913209040584, -0.17729147016546853, -0.28943568138014153], "q_dot_-0.17": [0.23765294113383087, 0.24812857425872076, 0.2630124551257901, 0.2786448597164064, 0.2775291432526436, 0.2643117874977426, 0.2403142159472532, 0.2003109470504336, 0.1783711609870071], "dist_min_obs_-0.17": [0.19058329984537864, 0.1539295500957631, 0.09768373240650871, 0.06099253546066455, 0.05484246066390102, 0.006845301750828703, -0.00021727028774048973, 8.41329029033222e-06, 0.014061743929895815], "initial_cost_-0.17": 2.6992181393401097e-08, "principal_cost_-0.17": 2.7072001726106645e-07, "obstacle_cost_-0.17": 5.909645173542357e-07, "terminal_cost_-0.17": 7.329560985022641e-11, "grad_-0.17": [-8.34265492140998e-10, 8.568683298155879e-10, 4.312240937039531e-09, 3.4440588398955693e-09, -2.05574911943565e-09, 6.175971330256772e-10, 2.629320764185157e-09, -1.6301702109884844e-09, 1.6901740273670454e-09, 8.350674030385165e-09, 6.808302791174063e-09, -3.915240274381318e-09, 1.216869962495345e-09, 5.09172386305597e-09, -2.262858311620864e-09, 2.3895792605535203e-09, 1.146953733252761e-08, 9.844617648570911e-09, -5.329760135066085e-09, 1.7490514918103448e-09, 6.919585124424695e-09, -1.9091321480532162e-09, 2.225459642840454e-09, 1.0884180550244803e-08, 1.1300589553609468e-08, -6.511372180590836e-09, 1.9552860703377435e-09, 5.587097227987286e-09, 5.007184157770146e-09, -3.537617237958656e-09, -8.65509922932473e-09, 3.939199285742886e-09, -1.2875575986773977e-08, 2.2678645638809905e-10, -1.4515855126644104e-08, 5.0055874767733856e-08, -4.106178004518889e-08, -1.264544889917769e-07, -5.054540607907378e-08, -6.195515209267654e-08, -1.2279547391442298e-08, -1.385955746782146e-07, 7.094790864278079e-10, 7.156594514332486e-10, -2.6384512799032534e-08, 2.604064211391811e-09, 3.778630882836974e-08, 1.3259187503002628e-09, -1.0655979490295727e-08, 0.0034291002678694827, 0.0009898947690533584, 0.0013723586991917173, 0.0010490169406454552, 1.1018167250893872e-07, 2.199645764380671e-09, 1.2700359459085485e-08, -0.00012044409712333418, 5.42421476696956e-05, -1.9930341916914477e-05, -6.708071859036469e-05, 4.916899006121657e-08, -1.2256108049119876e-09, 1.8757074829036876e-08, -1.6263949519420836e-05, -5.439569091931667e-06, -9.750186800022485e-06, -6.918907877030242e-07, -9.752794168343117e-07, 2.1974082254089602e-06, 3.629724368156062e-08], "theta": [-0.18, -0.16999999999999998]}