{"Q_min_-0.18": [-0.051892086090930344, 0.11737872634676791, -0.00782245797480165, -0.06037747185225936, -0.0008077628282535398, 0.008214213992029477, 0.006143194572281378, -0.10378439592083433, 0.2347524504097304, -0.015659679218937038, -0.12077606944224585, -0.0016224472508774737, 0.01643862332170732, 0.012284703758124384, -0.1556770982166385, 0.3521161848128474, -0.023526416801838722, -0.18121692949598572, -0.0024509658399605484, 0.024683428388179843, 0.018422840760011095, -0.20756985696554295, 0.4694651479393837, -0.03143733634498563, -0.24172131323530605, -0.0033002166068857985, 0.032958838349101856, 0.024555915693987983, -0.2594574016756142, 0.5867967290358028, -0.03940626276318719, -0.3023117538139129, -0.0041771127325718575, 0.041275060902354915, 0.030682231379983386, -0.311284747002944, 0.704130442659146, -0.047438573462546395, -0.3630236860957407, -0.005088970446609085, 0.04964215193793574, 0.03680005404134378, -0.362457890160572, 0.8217261305298185, -0.05544810985018673, -0.42403247817646433, -0.006047883290223603, 0.058068470276603064, 0.04290733397727597, -0.40568214344826775, 0.9428336834410882, -0.06221153264552708, -0.4872508149591269, -0.007127064169808255, 0.06654551271577867, 0.048998902312678366, -0.363036455289596, 1.102227181873561, -0.054520579261622744, -0.5729021651719971, -0.009042883103540116, 0.07489408181744016, 0.055036223120138714, -0.3091824105026225, 1.2539561289227839, -0.04307962764517168, -0.6564395181524569, -0.010128771491525398, 0.08051904773385775, 0.060568630350991304], "q_dot_-0.18": [0.14242485142055863, 0.1424374312051817, 0.14245637543532572, 0.1424822190473203, 0.1425201679198123, 0.14262847890061667, 0.14383257462265242, 0.186360040859286, 0.18191960629458045], "dist_min_obs_-0.18": [0.20255169481664226, 0.1640545482516204, 0.12980240884227584, 0.08700490122016538, 0.05277654943172882, 0.008640905205314652, 1.0000000000030818e-05, -1.8412368638087706e-07, 0.04893684245183694], "initial_cost_-0.18": 1.0141524292771167e-08, "principal_cost_-0.18": 1.0516788026037206e-07, "obstacle_cost_-0.18": 8.305875311940699e-11, "terminal_cost_-0.18": 2.7499411546450653e-14, "grad_-0.18": [2.2373897363381855e-13, 5.002283805429629e-12, 1.4763269333737394e-11, 2.1125737727118148e-11, 6.921594370394185e-12, -1.0195337648363723e-11, 1.6853864383717925e-12, 3.9246590018835474e-13, 9.989659845479786e-12, 2.9516338766296027e-11, 4.2262463753389534e-11, 1.3834166459140797e-11, -2.039573679468102e-11, 3.372183956293978e-12, 5.64531002775119e-14, 1.477127658069576e-11, 4.418196024522037e-11, 6.352368558045702e-11, 2.073217784217538e-11, -3.060489444948964e-11, 5.062067909824089e-12, -5.214038833186091e-12, 1.7382030117198198e-11, 5.800687505465981e-11, 8.605683928652682e-11, 2.764535876080901e-11, -4.0812592331048056e-11, 6.75924798148394e-12, -6.019938274146141e-11, -2.132526924103408e-12, 6.338428115763997e-11, 1.214917032209531e-10, 3.496158835116817e-11, -5.086848232776369e-11, 8.493024635008593e-12, -6.542021697017989e-10, -2.619742473292044e-10, -2.2774311718870026e-11, 2.96859798895824e-10, 4.705512957729143e-11, -5.922730308650077e-11, 1.0542725428208539e-11, -7.948889869932253e-09, -3.5118650405973216e-09, -1.2461135922999807e-09, 2.209544701938961e-09, 1.202680359701328e-10, -5.072410050828395e-11, 1.5711600529787504e-11, -8.58699414463675e-08, -3.8285945521203025e-08, -1.4454376179244693e-08, 2.2433013430207604e-08, 8.366380541472091e-10, 1.2847333751412297e-10, 5.424752794205141e-11, 0.0005472997801047815, -0.00033478694238077157, 0.00016538616091694828, 0.0001983376687795423, -8.299262340597757e-10, 2.7236031852438946e-09, 5.049135766077574e-10, -6.256719419848527e-08, 8.171842272439457e-08, -4.4591516878739546e-08, 1.7247992040437082e-09, -1.6434931151621024e-08, 6.402585669483379e-08, 5.532407225520367e-09], "Q_min_-0.17": [-0.022770406060618517, 0.1256018328130174, 0.05335666848681271, 0.056322781805840466, 0.027590172849169627, 0.0359263940849819, 0.012271197393030283, -0.0458574401652059, 0.2520147487063585, 0.1071084141834587, 0.11284171962682273, 0.0553750420429775, 0.07189051241603558, 0.024623308370757626, -0.06962077026233011, 0.3800718126176787, 0.16164437837972973, 0.16971702951731119, 0.08353639596056477, 0.10790336673299429, 0.03713058812734049, -0.09453798282111653, 0.5106808781512118, 0.21734144894142637, 0.22702500932943598, 0.11222279354986986, 0.1439209656235204, 0.04985049414210575, -0.12137408033378866, 0.6449707938488757, 0.2745577112745135, 0.2846762524997004, 0.14150779671890665, 0.17981348235171546, 0.06280350613812347, -0.15160111290205777, 0.7846886820720773, 0.3336275068355112, 0.34224929799334664, 0.17129295429125332, 0.2153328392814415, 0.07592714943180695, -0.18847052687104857, 0.9332589978995339, 0.39486467962787913, 0.3986121947840175, 0.20106923868785948, 0.25008488248216054, 0.08896404400991502, -0.23978893471309012, 1.0985775675882492, 0.45859349020635026, 0.45100398689322213, 0.22931326171198135, 0.28352582047719754, 0.10117988488822303, -0.3100356189550182, 1.3134665174419324, 0.5232091771041353, 0.48388446810501456, 0.25271464298428054, 0.312192724304631, 0.1106406741983927, -0.25458658327841355, 1.8016055870927299, 0.555616565323645, 0.3629448874543307, 0.2641404383857097, 0.2963155526495321, 0.11295843075152377], "q_dot_-0.17": [0.1575273574821383, 0.15943242869091728, 0.16232047482082776, 0.16632795552673688, 0.1719292541834473, 0.18061991068832384, 0.1970667845794026, 0.24047264503279744, 0.5073647339261422], "dist_min_obs_-0.17": [0.1902100333234716, 0.15191741231298067, 0.11741425934260397, 0.0890064781148675, 0.06887862594472671, 0.03309600214725164, 1.3375825076128445e-05, 0.018419622234590233, 0.08971885222296638], "initial_cost_-0.17": 1.225800366788488e-08, "principal_cost_-0.17": 2.6025554870798357e-07, "obstacle_cost_-0.17": 0.0, "terminal_cost_-0.17": 2.0352774751717307e-08, "grad_-0.17": [3.166280439688642e-10, -8.110830803236875e-10, -3.9507720983327433e-10, -1.9615601514179324e-10, -1.9469634463825165e-10, -3.7724246071781165e-11, -8.091358469706085e-11, 6.762959925368363e-10, -1.64414801797914e-09, -7.842184996250307e-10, -3.5637206950620626e-10, -3.7648472377938477e-10, -4.873598590502553e-11, -1.551687788555211e-10, 1.1538824616621975e-09, -2.5520016222128658e-09, -1.161106365425631e-09, -4.3266992163632535e-10, -5.250436717178301e-10, -4.7445735674156204e-12, -2.1262625818239696e-10, 1.9188849538857184e-09, -3.6808501641308217e-09, -1.519191771390483e-09, -3.432633581396475e-10, -5.986055797316937e-10, 1.2508216233108084e-10, -2.331059812524529e-10, 3.3909350555969856e-09, -5.427972525537743e-09, -1.8535332279105377e-09, 7.819767661821228e-11, -5.001544033098912e-10, 3.731597984689953e-10, -1.7063129766577103e-10, 6.642381400721679e-09, -8.852427604254954e-09, -2.167377231370292e-09, 1.2101487029753637e-09, 8.873175740529277e-12, 7.673137290070125e-10, 8.674871557541589e-11, 1.4448993873050762e-08, -1.6748253861258684e-08, -2.4916377861031676e-09, 3.971104681466219e-09, 1.532261372484271e-09, 1.311105205682034e-09, 8.21053699800054e-10, 1.892827639988651e-08, -4.957038016496794e-08, -8.86876319313885e-10, 1.9511310897412205e-08, 4.842641751822696e-09, 4.774034167603529e-09, 2.7550515681383515e-09, -1.256957199185327e-07, -2.732501197971142e-07, 3.220829867827529e-08, 1.538200618624763e-07, 1.1975585870869999e-08, 4.454407548253242e-08, 7.143032757038592e-09, 2.141875591348999e-05, -0.00012348906943253452, -4.629429881566544e-06, -1.08423056460081e-05, 1.0571477745153944e-05, 4.804987374001024e-05, 2.317756569807503e-09], "theta": [-0.18, -0.16999999999999998]}