{"Q_min_-0.18": [-0.05037129195219578, 0.12319742554219175, -0.005730195744781027, -0.02943940179647741, -0.009583185274864035, -0.009249377951700917, 0.006487382931078265, -0.10074971302227263, 0.24638379093871515, -0.011485833580370277, -0.05891059726419541, -0.01919062271487913, -0.01851079299613142, 0.012957818102478959, -0.15114228420074774, 0.369547691820148, -0.017292574531250864, -0.08844558039305389, -0.02884678135859018, -0.02779635455453475, 0.019394173823680364, -0.20155581174593806, 0.4926770447798722, -0.023176517018407762, -0.11807674670218068, -0.03857656333669037, -0.03711831271941195, 0.025778951031688254, -0.2519967838989205, 0.6157587726423557, -0.029164414104086933, -0.14783709611844567, -0.04840551848398569, -0.046489118162586815, 0.03209410106768616, -0.30247127328883516, 0.7387785230318292, -0.035283888183696197, -0.17776043803861796, -0.05836005576041978, -0.055921468237944284, 0.03832084590822759, -0.3529848483159183, 0.861720437240923, -0.041563640813182846, -0.2078815986108934, -0.06846764884792252, -0.06542833258941115, 0.04443950292121314, -0.4035424981160765, 0.9845669909622677, -0.04803365384996802, -0.2382366293973, -0.07875703167227441, -0.07502295013970002, 0.050429317479882094, -0.3643324446975742, 1.1952405629552099, -0.05876582051627465, -0.3248421749023295, -0.09231516483218218, -0.0847187887282847, 0.05626830862848937, -0.3251064059538745, 1.405844334317725, -0.06975546151447241, -0.4117996863327253, -0.10611939534241963, -0.09452946168272972, 0.06193313573719559], "q_dot_-0.18": [0.13723879864093447, 0.13724314521089548, 0.13724912042423543, 0.13725610437484306, 0.13726333017738118, 0.137269942122023, 0.13727507654543913, 0.23205259795416097, 0.23215061486251512], "dist_min_obs_-0.18": [0.19931022315456026, 0.15941535909487542, 0.124155501309139, 0.09613039220088049, 0.06590506476037239, 0.01678274381268504, 8.369311910696314e-05, 0.0032235847843045395, 0.08067980403737635], "initial_cost_-0.18": 9.416930402182697e-09, "principal_cost_-0.18": 1.1980887483280687e-07, "obstacle_cost_-0.18": 0.0, "terminal_cost_-0.18": 5.612230838320136e-05, "grad_-0.18": [7.129117881078389e-12, 1.106014566835065e-11, 2.5442090808223154e-11, 3.1793671240593036e-11, 2.4252165151057542e-11, 1.2037092729584305e-11, 1.6947759677570765e-11, 1.4150108398251465e-11, 2.246451509054308e-11, 5.110311529133723e-11, 6.37876611404775e-11, 4.8721203695956904e-11, 2.4146513972830328e-11, 3.4079450199288676e-11, 2.0956366715218092e-11, 3.454792170870646e-11, 7.720153627631034e-11, 9.618318026831306e-11, 7.362333438913918e-11, 3.639660647386541e-11, 5.1578513193515756e-11, 2.744460779211114e-11, 4.762509724064403e-11, 1.0395459852227333e-10, 1.2918310713819487e-10, 9.917316919513262e-11, 4.8847278297671164e-11, 6.962717200998179e-11, 3.351723693223507e-11, 6.197747300997011e-11, 1.3157699393009154e-10, 1.6299250390730223e-10, 1.2558212913876195e-10, 6.154463218260117e-11, 8.840519545648035e-11, 3.908563716847942e-11, 7.783618037981834e-11, 1.6027854987738675e-10, 1.9781865210313858e-10, 1.5305581106865535e-10, 7.451427610939737e-11, 1.0808782755587758e-10, 4.407477307504701e-11, 9.53604877489515e-11, 1.9026040729852623e-10, 2.338702141311853e-10, 1.8178973684915296e-10, 8.775319882200342e-11, 1.2884245431659498e-10, -8.976770321866052e-08, -8.782701827159732e-08, 4.262153629521453e-09, 5.625051471862286e-08, 3.2687503355558747e-09, 1.0122103829580845e-10, 1.50823410061681e-10, -1.598532519735932e-11, 6.980063042702415e-11, 2.574743318911338e-10, 3.5196592536634994e-10, 2.460973503296842e-10, 1.1483436586033692e-10, 1.7416403990105178e-10, -0.008663311151345667, -0.0013247228460547486, -0.003018179081420808, 0.0012507649368630842, -0.0011665590482277401, 0.0025114881367222686, 5.664827109349802e-09], "Q_min_-0.17": [-0.05037136345353245, 0.12319731456335063, -0.0057304509763549, -0.02943972073888869, -0.009583428570086783, -0.009249498703029437, 0.0064872129096511565, -0.10074985494047313, 0.24638356552906848, -0.011486346239594042, -0.058911237158503174, -0.019191111480715416, -0.018511035223915506, 0.01295747621466376, -0.1511424943821396, 0.3695473451701684, -0.017293349005509287, -0.08844654526710077, -0.02884751993919899, -0.027796719669000974, 0.019393656384486545, -0.20155608699827385, 0.49267656691195205, -0.023177559872439954, -0.11807804261246187, -0.038577558226163926, -0.03711880273120664, 0.025778252528369294, -0.25199711976972633, 0.6157581494996265, -0.029165733883247884, -0.14783873051822138, -0.04840677802357748, -0.04648973554629029, 0.03209321418465791, -0.30247163571780283, 0.7387776099447406, -0.03528547792120016, -0.17776235312472086, -0.058361562475410265, -0.0559222159433281, 0.03831976159431283, -0.352982242931822, 0.8617060110824322, -0.04156369055793523, -0.20787687585550904, -0.06846654145743428, -0.06542923588445512, 0.04443821268486052, -0.4035283634778203, 0.9845454781795966, -0.048102539621663803, -0.2382579827845953, -0.0787740940518034, -0.0750263132950054, 0.05042803955186773, -0.36428064291112033, 1.195244611335271, -0.058746383361019526, -0.3249507768127222, -0.0923221824166901, -0.08495939224544435, 0.05629054098645176, -0.32085423096061544, 1.4066678697592305, -0.06811459252467068, -0.42127584250177874, -0.10777663017031999, -0.118929662758559, 0.06436901668604034], "q_dot_-0.17": [0.13723881877485192, 0.13724316014534768, 0.13724912781239254, 0.1372561008345934, 0.13726317123669235, 0.13725502960820382, 0.1372750550736995, 0.23212071408436255, 0.2396038607455376], "dist_min_obs_-0.17": [0.18847644648982764, 0.14859104573656307, 0.1134165421806469, 0.08566258284228284, 0.049767194183782275, -0.0005205919201267742, -0.01534348209848383, -0.0009483415782382265, 0.0775283573905795], "initial_cost_-0.17": 9.416933529057819e-09, "principal_cost_-0.17": 1.2158066837718393e-07, "obstacle_cost_-0.17": 0.0860919950727362, "terminal_cost_-0.17": 5.405183594976591e-14, "grad_-0.17": [7.128033408232555e-12, 1.10635976327808e-11, 2.5444286884241157e-11, 3.179568072579435e-11, 2.4254340541850594e-11, 1.2037817856633274e-11, 1.6949604638553326e-11, 1.4147954725807915e-11, 2.2471324617951987e-11, 5.110750267610327e-11, 6.37916889831135e-11, 4.872554785494068e-11, 2.4147924199397036e-11, 3.408313518981888e-11, 2.09531744677416e-11, 3.4557899316235637e-11, 7.72081010154219e-11, 9.61892367634935e-11, 7.362982848135942e-11, 3.63986171202022e-11, 5.158402594003657e-11, 2.744015531825322e-11, 4.7639154109242815e-11, 1.0396314387726317e-10, 1.2919056039842678e-10, 9.918151044861765e-11, 4.8849752877974986e-11, 6.963448759413386e-11, 3.348317662402102e-11, 6.212214256028228e-11, 1.3157002714434642e-10, 1.629347007399563e-10, 1.2556465441923554e-10, 6.154758195416708e-11, 8.841424663369525e-11, 3.60912659426701e-11, 9.105930742258743e-11, 1.5846859878279643e-10, 1.9090012428871057e-10, 1.5019453019122264e-10, 7.453954408921084e-11, 1.0809631910722791e-10, 3.5513331979093475e-11, 8.893404052713225e-11, 2.60636426993498e-10, 2.665841982980873e-10, 2.0257361234511143e-10, 9.005746942326e-11, 1.2862422354047912e-10, -8.979384111269823e-08, -8.785966605851004e-08, 4.1049946756271515e-09, 5.6311687099040635e-08, 3.240535770517584e-09, 3.360015398886651e-10, 1.27325432423185e-10, -4.1786913838049466e-09, -7.241252682850109e-10, -1.2756345757045642e-09, 9.632271660929625e-09, 1.9063593887431847e-09, 2.40371915626757e-08, -2.2159742650045483e-09, -2.1749810291979814e-07, 1.8927215422608287e-07, -1.0083674357839363e-07, -6.5642641303801e-08, -5.037481344503612e-08, 4.4485819861226874e-08, 8.078475713250774e-09], "theta": [-0.18, -0.16999999999999998]}