{"Q_min_-0.16": [-0.006360637453148955, 0.04375316426601707, 0.0004977538272104724, -0.006859606050043284, -0.07352949554946821, 0.02564571128288264, -0.03188984451352104, -0.015515792099992544, 0.0967637573870299, -0.0012789257621262655, -0.004213178964351103, -0.15568540423952698, 0.05460419661909075, -0.06651940167291562, -0.031021146893101013, 0.17033185003767057, -0.008989301753149626, 0.020754413500682675, -0.2561050400750192, 0.09095183484345645, -0.10693589383742597, -0.05799927982240153, 0.2800666050856373, -0.02947706869454406, 0.08790914522351083, -0.3862294629557441, 0.14048919879331506, -0.15684181519423426, -0.10391074717137334, 0.4483869712863891, -0.07536788866625412, 0.22838617725118618, -0.5593408804934044, 0.2120968619847169, -0.22101109827970059, -0.1789034838098044, 0.7067265923715901, -0.16870633057825035, 0.4883620671853471, -0.7885834657887871, 0.31964738633790385, -0.3057569248700118, -0.294815031640106, 1.0963133171489348, -0.3460464014607326, 0.9307766602511705, -1.0804306494106248, 0.4846146901021792, -0.4192990729174328, -0.45853030154614816, 1.667002285452939, -0.6739025642038128, 1.6411273984368089, -1.410105642786594, 0.7418225926790023, -0.5715175068073239, -0.5927386919013103, 2.4414467335627776, -1.389864870534351, 2.649892908287263, -1.408338331846099, 1.186952977446224, -0.7718235117150146, -0.6348522660286345, 2.396083059204525, -0.7999059620661189, 0.9386611926808476, -1.5868057259935344, 1.4013448634482861, -1.0259390023285309], "q_dot_-0.16": [0.10812720953138796, 0.13919144283914353, 0.1989370743537076, 0.3024769240758796, 0.46900312555740575, 0.7194958549038574, 1.0782339175035724, 1.5447500288502736, 1.8500232669840693], "dist_min_obs_-0.16": [0.22801425378479176, 0.20427412789892427, 0.16894735949520998, 0.11625604700369768, 0.05891600799058297, 0.019905135044753518, 1.4380355259968614e-05, 0.31345997044339735, 0.2714725055602559], "initial_cost_-0.16": 4.541675226097276e-09, "principal_cost_-0.16": 3.935599669114193e-06, "obstacle_cost_-0.16": 0.0, "terminal_cost_-0.16": 1.2057004170908586e-06, "grad_-0.16": [2.7945171936946333e-09, -9.25742885499577e-09, 2.2744334165472103e-09, -9.506033135735465e-09, 8.626413140590563e-09, -3.312774053325474e-09, 2.7397126458735453e-09, 6.3502001462648816e-09, -2.055749952962783e-08, 5.933696401686623e-09, -2.2321165379341596e-08, 1.8263727145433466e-08, -7.389152888157588e-09, 5.786935005115768e-09, 1.1472778136192047e-08, -3.616666239732607e-08, 1.277739095037107e-08, -4.218713925779437e-08, 2.9704787045232666e-08, -1.3189725725492912e-08, 9.489429192297947e-09, 1.89333344196713e-08, -5.858561115278506e-08, 2.5403053030315633e-08, -7.332230030484723e-08, 4.2986994656935346e-08, -2.2070299241543222e-08, 1.4263361728658034e-08, 2.908126928945924e-08, -9.001925488444916e-08, 4.744762194028618e-08, -1.194988579064855e-07, 5.613116775772252e-08, -3.594286116178514e-08, 2.0576543504844907e-08, 4.0918811191870525e-08, -1.3124710369214375e-07, 8.400162897048603e-08, -1.8243870313166253e-07, 6.260459832645494e-08, -5.7416779411088405e-08, 2.8796321457109736e-08, 4.780372207574061e-08, -1.8110224352665955e-07, 1.505160918605979e-07, -2.6793614511981513e-07, 3.782780975413139e-08, -9.224059881254773e-08, 3.8676285842470176e-08, -2.9506879550879986e-08, -2.0375547980583446e-07, 3.881061435874582e-07, -2.984147716648157e-07, -3.3144230431646406e-07, -1.8792248219039856e-07, 4.808757101779953e-08, -9.2094816227838e-08, 8.198081224680916e-07, -1.3059212147987704e-06, 2.71999722545687e-06, 1.8023470508793053e-07, 2.307384987651595e-07, 5.3809485705825555e-08, 0.0009407934763569901, 0.0024508937789130504, -0.0011648085711568699, -0.0015093816408939934, 4.4333262609124005e-05, 0.00031314097177003965, -2.5411549061309674e-07], "Q_min_-0.15": [-0.01203019592260857, 0.061564688152926324, -0.006297129282334084, 0.014269861970099272, -0.0868370449124944, 0.0325341030220689, -0.036696129290185564, -0.027650408054840866, 0.13448582144170074, -0.0167342560852798, 0.04178681829156725, -0.18238124389866464, 0.06942983464528416, -0.07650180207740535, -0.05099688063230874, 0.23156436906028785, -0.036668833119173204, 0.09833338191694517, -0.29552669983838087, 0.11573005510817426, -0.12277171918341888, -0.08718508528559382, 0.36819836961177216, -0.07386367999543543, 0.20440680901948519, -0.4350696561596639, 0.17782056912824698, -0.17932001624188018, -0.14241028024678012, 0.5626546927318996, -0.1393878032115226, 0.3862166082601164, -0.608304506184634, 0.2639420546132061, -0.2505327777031691, -0.22328012963882174, 0.8342327941766116, -0.24742513182683967, 0.673681620652445, -0.817567987116141, 0.38414548465876347, -0.3412110148890569, -0.3346484342976035, 1.1973395912760567, -0.4123408231686486, 1.0922215050925774, -1.0536086858224734, 0.5487685855501433, -0.455788915222948, -0.4723879279506367, 1.647408414251703, -0.642026637652976, 1.6465834628901694, -1.2825375438185769, 0.7641341691918226, -0.5962508508135292, -0.5575803906462563, 2.176697687569587, -0.9985248393873203, 1.8377384163161234, -1.340974045338886, 1.0704859511041966, -0.7576250997952287, -0.6259410313399209, 2.4063934198999566, -0.8697142886809476, 1.0249400106861637, -1.3984532758897834, 1.2636794894670509, -0.9194585069514151], "q_dot_-0.15": [0.13602235024523698, 0.17507345102162047, 0.2431843813334439, 0.3474331281028169, 0.4909841211225572, 0.6652565952608701, 0.8367360271588402, 0.7578548421919897, 0.8952565943328089], "dist_min_obs_-0.15": [0.2044687874165053, 0.17329613492399684, 0.12981825818042225, 0.07604810622920039, 0.044735357338184095, -0.0001183648836575249, -3.2983454480162155e-06, -7.943368252327776e-06, 0.25767889168637104], "initial_cost_-0.15": 7.0619826863073535e-09, "principal_cost_-0.15": 1.4942942351275284e-06, "obstacle_cost_-0.15": 1.760527733142811e-07, "terminal_cost_-0.15": 4.8203725761589007e-11, "grad_-0.15": [3.590016209623725e-09, -1.1356445135848096e-08, 4.139997520611631e-09, -1.324709435136871e-08, 8.707154073675835e-09, -4.3616286011463536e-09, 3.1095434970342244e-09, 7.726260445235586e-09, -2.4157414329812688e-08, 9.497450230947689e-09, -2.9029607303909942e-08, 1.760125695354598e-08, -9.404488839674851e-09, 6.464244318793736e-09, 1.2841732075817203e-08, -3.955545293289723e-08, 1.7260269842368823e-08, -4.95268634771621e-08, 2.639750038156683e-08, -1.5790293557182612e-08, 1.0278379952447785e-08, 1.9036990307901218e-08, -5.782232256864313e-08, 2.8329276339824963e-08, -7.573637213809118e-08, 3.369189370368709e-08, -2.4030971464886383e-08, 1.4664464402827628e-08, 2.5644654430855317e-08, -7.71217783245845e-08, 4.2513205399229876e-08, -1.0565521315169739e-07, 3.602863090653679e-08, -3.408194456059831e-08, 1.9465475724598873e-08, 3.049845526674015e-08, -9.152869565473318e-08, 5.687836272649189e-08, -1.3107487204780385e-07, 2.677721777482545e-08, -4.441967084582242e-08, 2.389966314800329e-08, 9.337785116278372e-06, -0.00011493603304628532, 3.644055315110056e-05, 8.72354957553202e-05, 2.397499613456151e-07, -5.074248275029953e-08, 2.5884035256690135e-08, -1.1734562163506426e-05, 1.4436353273798043e-05, 1.0396525743950393e-06, -3.19999291519173e-05, -1.7049235649015826e-07, -9.09861982674086e-08, 2.0912313391118277e-08, -4.0933949612064576e-05, 4.711666552735933e-06, 3.49134697329651e-05, -6.841955233189856e-05, 4.523223821047215e-06, -7.6141184292394345e-06, 4.5915811415316596e-10, 1.0880060422644738e-05, 1.3772623973221026e-05, -9.70522661656517e-06, -5.577832215414974e-06, 3.2026454705193483e-07, 2.4309429787414047e-06, -1.6183340715755415e-07], "theta": [-0.16, -0.15]}