{"name": "Iteration 76", "Q_trs": [0.01135882268471516, 0.08225156846673405, -0.013730423142380245, -0.04657558673887255, -0.026075605827862336, 0.028421810160134994, 0.006349226600045893, 0.02271918957529359, 0.16450717760531183, -0.027447033482355714, -0.09317683392867256, -0.05214637377934087, 0.0568198245863977, 0.012697893956686567, 0.03408264182463109, 0.24677085278592428, -0.04113599796546381, -0.1398294152067199, -0.0782074479286466, 0.08517022595885668, 0.019045452976308247, 0.045450714478153166, 0.32904658892085403, -0.05478344305556489, -0.18655903060251616, -0.10425393623368602, 0.11344915394824387, 0.025391375013861385, 0.05682493341642281, 0.41133833559762156, -0.06837543455039909, -0.23339141978202904, -0.13028089243403138, 0.14163268411661406, 0.03173516247104875, 0.06820681229388598, 0.49364998264241494, -0.08189795746564044, -0.28035237534891905, -0.156283297895827, 0.16969680729946288, 0.038076359847273325, 0.07959784947339718, 0.5759853462490954, -0.09533689601161496, -0.3274677562200537, -0.1822560433852006, 0.1976174096203804, 0.0444145654010706, 0.08202911439792997, 0.6588318809487468, -0.11094499192031819, -0.3763748878492822, -0.20948831880944627, 0.22537025327876573, 0.05074944358561322, 0.08446454377082223, 0.7417099619290906, -0.12644289311784102, -0.42548985811454715, -0.23668152413319132, 0.2529309582345137, 0.05708073842923641, 0.042515932582688834, 0.83710319815854, -0.14339523329478182, -0.48818362439825425, -0.26186270887572954, 0.2802749848881604, 0.06340828804080167, -0.023864404677528348, 0.9320138962769514, -0.16095192508538075, -0.5536578451042761, -0.2855473787400729, 0.30737761781687234, 0.06973204043008989, -0.09031551056664411, 1.0269775249693052, -0.17836266327111722, -0.6194355163419726, -0.3091772251212279, 0.33421395057066017, 0.07605207084527049, -0.156877985514869, 1.122002442409278, -0.19561571904486283, -0.6855515231190861, -0.33274587814454615, 0.36075887145231406, 0.0823686008427589, -0.22353591741835302, 1.2170986463134, -0.21268690015175623, -0.7520456493108606, -0.3562383952014547, 0.3869870500900085, 0.0886820193193031, -0.29022879615977704, 1.312236172729971, -0.22955153652589663, -0.8189537060636783, -0.37964370932036023, 0.41287292445330476, 0.09499290575162044], "q_dot": [0.1038330513451759, 0.10384366971111725, 0.10385965334376437, 0.10388107044950042, 0.10390801347221733, 0.10394060036388393, 0.10515192523434613, 0.10519658281871537, 0.1284494897226592, 0.13908632908495291, 0.1392198881843046, 0.13938904215377199, 0.13956767852979338, 0.13970650498123163], "dist_min_obs": [0.07849202942047395, 0.04737386375877803, 0.01699024138720137, 0.004459030164963185, 0.010013867015423533, -0.0005360628960320024, -0.00017941857907227687, 0.013370720707736067, 0.024975438935865124, 0.038709187563994246, 0.05902484347889697, 0.08802040676710099, 0.12484606983488594, 0.16721551869695384], "initial_cost": 5.390101179123611e-09, "principal_cost": 1.0025974593865817e-07, "obstacle_cost": 1.626797511219689e-05, "terminal_cost": 0.018823999587525488, "grad": [-1.5442058632704957e-12, -4.040671843734099e-12, -1.3812802404778691e-11, 2.5660450927459544e-11, -4.837876383797901e-12, 2.3795733872286293e-11, 5.592434052190798e-13, -3.0853587590667947e-12, -8.066042034668775e-12, -2.764585686737496e-11, 5.1334088247339e-11, -9.693802172807788e-12, 4.7613053803728616e-11, 1.1083370189934342e-12, -4.620404184579802e-12, -1.2060954317299584e-11, -4.1519393007012095e-11, 7.703411774890762e-11, -1.4585844266314278e-11, 7.147338307178586e-11, 1.6369820685424531e-12, -6.1462847475625914e-12, -1.6010541837792823e-11, -5.545359526688097e-11, 1.0277378371662044e-10, -1.953210469406241e-11, 9.539782101700297e-11, 2.134580365770139e-12, -7.659939193529606e-12, -1.9900368025827276e-11, -6.946857959284811e-11, 1.2856638737712603e-10, -2.4550738549720662e-11, 1.1940698552137286e-10, 2.590080962795423e-12, -9.158302048034132e-12, -2.371656188705083e-11, -8.35843692668248e-11, 1.5442530424464837e-10, -2.9659972422046406e-11, 1.435208619312869e-10, 2.9918224272931432e-12, 8.959772254978418e-09, -5.111710929709934e-10, 2.1691573627287024e-09, 1.791750758093846e-09, 1.2595299348720748e-09, 1.677586625322134e-10, 3.3273692546595453e-12, -4.164448359475734e-12, -3.154628069234969e-11, -1.1019471118040131e-10, 2.078386360364633e-10, -3.907010050060756e-11, 1.9213870263731638e-10, 3.5833409194324825e-12, 4.438404056102566e-08, -1.2515155249105636e-08, 1.4544389794179781e-09, 1.3578796018442137e-08, -2.0120205812068366e-09, 2.1667830210134284e-10, 3.745232057920834e-12, 2.4431726072083776e-08, 4.825381110379296e-10, 6.043516136581279e-10, 2.7804544223147273e-09, -1.4965148781948568e-09, 2.413937249347014e-10, 3.797222277050331e-12, 7.076862889858384e-11, -5.293057394229027e-11, -1.459536048624706e-10, 3.034505316746818e-10, -5.482348318836049e-11, 2.663001749241259e-10, 3.721974107612608e-12, 1.11369059109144e-10, -6.128874761912761e-11, -1.5768241199085018e-10, 3.3833553941697806e-10, -6.119335783677293e-11, 2.9141187213394254e-10, 3.500417692189715e-12, 9.545695525911617e-11, -7.128646414899654e-11, -1.8187466685221033e-10, 3.7811941466103536e-10, -7.613596640965496e-11, 3.167422439594443e-10, 3.11152094421814e-12, 3.4946837940004296e-11, -4.132251244914412e-11, -2.0654473275299912e-10, 4.1393056104323486e-10, -8.72029380030691e-11, 3.423042743981877e-10, 2.53204422685795e-12, -0.23331005128864787, 0.13264531244530708, -0.10364280377248908, -0.05832198475068899, -0.018893164226625077, 0.030330261567786912, 6.310886466581558e-09]}