{"Q_min_-0.15": [0.020572208162347113, 0.10834904705075067, -0.22730355449740425, 0.032271505068679485, 0.18758732029573805, -0.13764591593625522, -0.17498788540149357, 0.041123793624605824, 0.2167301332552289, -0.4544404049017732, 0.0646399551549939, 0.3747458284289135, -0.2752509777363217, -0.3496764871005556, 0.06163430943708118, 0.32517417523324227, -0.6812482532738019, 0.09719906437394235, 0.5610620549863229, -0.4127751927479488, -0.5237663889431005, 0.08208370995168067, 0.43370971506244393, -0.9075742914803658, 0.13003567622301893, 0.74615518402118, -0.5501804941007485, -0.6969582324244421, 0.10245268127958689, 0.5423613962174477, -1.1332817097693029, 0.16322526500695644, 0.9296984989899651, -0.6874322321293883, -0.8689535871132568, 0.12272314517326656, 0.6511479842390155, -1.3582585463155323, 0.19682607457609716, 1.1114475258738648, -0.8245013789407959, -1.0394569355341432, 0.14287914744193828, 0.7600781697788157, -1.5824326531392516, 0.23087556404323528, 1.2912752211994385, -0.9613698415277105, -1.2081795912285362, 0.16289374511738086, 0.8690271810016352, -1.8060044062577554, 0.2657926750607199, 1.468982371926311, -1.0982084301426445, -1.3748636253455744, 0.17916295980119798, 0.9736191777317198, -2.0382013811170148, 0.32612775819261725, 1.6340524298108396, -1.2430488187369173, -1.5395192577734307, -0.4676960525151527, 1.389314442210827, -2.340428529734457, 0.7553232986921224, 1.757512594403316, -1.440846100121935, -1.6616397675120216], "q_dot_-0.15": [0.13602235024523698, 0.17507345102162047, 0.2431843813334439, 0.3474331281028169, 0.4909841211225572, 0.6652565952608701, 0.8367360271588402, 0.7578548421919897, 0.8952565943328089], "dist_min_obs_-0.15": [0.16364856977202097, 0.1277578337727328, 0.09983866244481077, 0.08005824006259005, 0.06739494667508183, 0.04169570071575532, 0.004114870979287422, -1.2414764243295906e-06, 0.05345652423251723], "initial_cost_-0.15": 7.481362430949283e-08, "principal_cost_-0.15": 1.050868492524052e-06, "obstacle_cost_-0.15": 2.4155095373983066e-11, "terminal_cost_-0.15": 1.3069544245546995e-13, "grad_-0.15": [2.0622700088400285e-11, -3.203915372757855e-11, -1.6670409303530873e-10, -9.694501763494453e-11, 4.2881216256258025e-10, -4.085413618875639e-11, -2.9928370243152157e-10, 4.106964978335482e-11, -6.295577353511841e-11, -3.290020323402072e-10, -1.9065913263402255e-10, 8.422815757661084e-10, -8.084678843929398e-11, -5.98699856517186e-10, 6.111529787586811e-11, -9.149785118830583e-11, -4.81810165464779e-10, -2.775026301281293e-10, 1.2230975225522721e-09, -1.189136588274537e-10, -8.980583612032089e-10, 8.042918669327375e-11, -1.161413258021253e-10, -6.18619917626931e-10, -3.529769348609403e-10, 1.5498140660719291e-09, -1.535633241599512e-10, -1.1964887925269889e-09, 9.850743422654162e-11, -1.349068665640327e-10, -7.305817427075492e-10, -4.112207852032017e-10, 1.7942880848855476e-09, -1.8259121723218165e-10, -1.492006267928214e-09, 1.1446162500795803e-10, -1.4359751823234472e-10, -8.027297225101641e-10, -4.4867989799740413e-10, 1.921331558325861e-09, -2.006842244929088e-10, -1.7806927264934113e-09, 1.4140459322913064e-10, -1.8825683019359177e-11, -6.023537052155487e-10, -8.676215503465018e-10, 2.120544598701161e-09, -2.987397198075938e-11, -2.0386215773548995e-09, 3.745382991625466e-09, 4.357014492734962e-09, 8.625221740755638e-09, -2.541797211441271e-08, 1.2637092842344036e-08, 8.001799979338918e-09, -2.0284016891818415e-09, -2.1264361160966922e-05, 4.2934052680298345e-06, -2.9509061483765822e-06, -1.1868225594150669e-05, -2.384940601529813e-07, 6.297971830972672e-08, -4.2535502825293587e-08, -3.804660118991087e-07, 2.320582936865348e-08, -1.3188442515111825e-07, 6.04019474151815e-07, 1.2841198096831544e-07, -2.9003714838874053e-07, -1.2212050974474967e-07], "Q_min_-0.16": [0.02053571739044111, 0.10850503558852607, -0.22671491885774292, 0.032338161298635544, 0.1872082224410127, -0.13810785643975187, -0.1740243403998352, 0.04105750689220871, 0.21713458422313298, -0.4529962177421765, 0.06467087559458501, 0.3743122795389145, -0.2766670477410406, -0.34735316232112934, 0.06156486102996495, 0.3260973738434086, -0.6781760243648628, 0.09689261814734562, 0.5614855182044522, -0.4165779954251375, -0.5189472937764268, 0.0821002370964292, 0.4358439194610128, -0.9009261261744694, 0.12861612455045188, 0.7496691089643868, -0.5600395268121463, -0.6868169219402083, 0.10280567794719805, 0.5474204450949691, -1.118368241369807, 0.1588540537030197, 0.9415789556066623, -0.7125249452276154, -0.846868271982891, 0.1238882865811443, 0.6632560220435527, -1.3245784272927272, 0.18606406356984606, 1.1433912699335063, -0.8872703528850759, -0.991658371694513, 0.14465572913286043, 0.7890201513149588, -1.5102118161751128, 0.212352167202134, 1.3650316173433907, -1.112557830719949, -1.113732910523196, 0.1595653297492495, 0.939854303437423, -1.6717803800100757, 0.26412793416850633, 1.6076855678248876, -1.423796652593875, -1.2241815162463612, 0.14453942367833594, 1.1687262534389715, -1.8407655204299402, 0.4219156658211184, 1.8192704134033415, -1.7596111827771814, -1.358683869324597, -0.35011407318978677, 1.5623622481026818, -2.0795293381060453, 0.4251852230922732, 1.8883989241548866, -1.81123401206798, -1.45543839023035], "q_dot_-0.16": [0.13602235024523698, 0.17507345102162047, 0.2431843813334439, 0.3474331281028169, 0.4909841211225572, 0.6652565952608701, 0.8367360271588402, 0.7578548421919897, 0.8952565943328089], "dist_min_obs_-0.16": [0.17395354295325766, 0.1379755104074285, 0.10958318646800186, 0.08858152226913396, 0.07340492460284342, 0.03436119307925378, -3.8117889382405234e-06, -1.22327746479578e-05, 0.01428174105088384], "initial_cost_-0.16": 7.452281957858071e-08, "principal_cost_-0.16": 9.406172110199329e-07, "obstacle_cost_-0.16": 2.052131381218228e-09, "terminal_cost_-0.16": 7.062169584841577e-14, "grad_-0.16": [1.3927888673506371e-11, -1.2451304608081883e-10, -4.3361997330931726e-10, 5.44700268607971e-12, 1.0416534311091058e-10, 4.5133486153685367e-10, -6.95518478541051e-10, 1.4435364011362557e-11, -3.3324098566869997e-10, -1.1014922617473306e-09, 1.1097174318884617e-10, -6.918156763597336e-11, 1.3517563828081623e-09, -1.7346904659966805e-09, -2.8021928708013764e-11, -7.837559973286208e-10, -2.4297048130796457e-09, 4.982361496543615e-10, -1.0103520943967532e-09, 3.5505837029119048e-09, -3.724503291515983e-09, -1.7006478430459365e-10, -1.8299800163520942e-09, -5.30798661426902e-09, 1.4855772505384376e-09, -3.726255882341001e-09, 9.023887028460362e-09, -7.818278121098686e-09, -3.771677831773975e-10, -4.25905131462728e-09, -1.1231929272417454e-08, 3.027919285741446e-09, -9.90246768456846e-09, 2.2259989241991333e-08, -1.5261250331060843e-08, 3.1516608223011716e-10, -9.928552322822545e-09, -2.0576797040534594e-08, 9.219062345384167e-10, -1.9828033083040488e-08, 5.054207017741263e-08, -2.271556088293904e-08, 5.857841935327054e-09, -2.5070022851058074e-08, -2.4064825047422673e-08, -2.548766333408437e-08, -2.101360307161237e-08, 8.595134403905283e-08, -1.162593310551763e-08, -4.2933067789456235e-05, 1.3700627885314802e-05, -3.5112281163246964e-06, -1.9770027932203224e-05, -9.944045193095668e-07, 1.9842690160804775e-06, 2.405374740981715e-08, -0.00016087811051193198, -3.2298492051357844e-05, -3.5778581111301007e-06, -0.00011923167817964947, 1.4245633468340218e-07, -2.8419170089250785e-07, -3.7747832172482895e-08, -7.559974105915056e-08, -6.28173036314483e-08, -1.2502484825676348e-07, 1.0661500082783728e-07, 5.61304407939969e-08, -1.2686881195717394e-07, -9.675452092493882e-08], "theta": [-0.15, -0.16]}