{"Q_min_-0.18": [-0.050924675058613963, 0.12445675107732176, -0.005954031963318053, -0.03260167464565111, -0.009676984268235675, -0.007574905744839672, 0.005744207451610255, -0.10185636181714582, 0.2489037458954402, -0.01193222240468911, -0.06523608459821559, -0.019377225117805236, -0.015162926528991942, 0.011470311800486114, -0.15280196255065057, 0.37333089460222657, -0.017958936990496593, -0.09793615836263411, -0.029124186569629763, -0.022777262966489572, 0.017160021256054935, -0.2037681621134981, 0.49772744908778144, -0.024058955315309546, -0.13073521170295385, -0.03894174694117627, -0.03043128288719369, 0.022794666995716393, -0.25476132306629357, 0.6220816973695001, -0.03025767648346921, -0.1636671433191247, -0.04885440425921901, -0.038138594638357316, 0.02835501573261878, -0.305787386171545, 0.7463806895585939, -0.03658132226698977, -0.19676663264402044, -0.0588874787741548, -0.04591310669749569, 0.03382108423894023, -0.3568517793874827, 0.8706100115109132, -0.043057135650369435, -0.23006933980730232, -0.0690673101373658, -0.053769066886266134, 0.03917195764993106, -0.40795933975811927, 0.9947536265582584, -0.0497135711437636, -0.26361210697773324, -0.0794214452843286, -0.061721072955568244, 0.04438561455855208, -0.3635778801768928, 1.1960501806599175, -0.058658454149670615, -0.3483590663160375, -0.09096779171009964, -0.0697840455261232, 0.04943876365703107, -0.31917834443279064, 1.3972788542938006, -0.0678462840304556, -0.4334598645559047, -0.10274871516440387, -0.077973156978712, 0.054306699260831155], "q_dot_-0.18": [0.13916283883354041, 0.13917090160270987, 0.13918247782874393, 0.13919697806120768, 0.13921367314924768, 0.1392317495184054, 0.13925038592592032, 0.22355298847277502, 0.22365242776814717], "dist_min_obs_-0.18": [0.19843932938668113, 0.15822400556703609, 0.12282053701760581, 0.09493172964958607, 0.059165731913730917, 0.011621760354565323, 1.7380275242444287e-05, 0.005735444666884026, 0.07794019841376548], "initial_cost_-0.18": 9.682572122843488e-09, "principal_cost_-0.18": 1.1781767017445824e-07, "obstacle_cost_-0.18": 0.0, "terminal_cost_-0.18": 2.736454103151465e-05, "grad_-0.18": [7.01169991789083e-12, 9.75625920333125e-12, 2.4158478053003263e-11, 3.273530691336482e-11, 2.3256581333887205e-11, 1.3115039312597487e-11, 1.810310273439557e-11, 1.3913974972897874e-11, 1.9846111332045263e-11, 4.8524144436427204e-11, 6.566381185404487e-11, 4.672060225496611e-11, 2.631565334536017e-11, 3.6394893307038086e-11, 2.0598829342783065e-11, 3.059422123152446e-11, 7.330373900547026e-11, 9.89795759012177e-11, 7.059891972197828e-11, 3.968348320648931e-11, 5.50637159073639e-11, 2.6961389947924293e-11, 4.2306203836142384e-11, 9.870284334671105e-11, 1.328782758511247e-10, 9.509694649623712e-11, 5.3291830459505875e-11, 7.429700275907077e-11, 3.2902152455964196e-11, 5.525609262490602e-11, 1.2492461536089642e-10, 1.675577087248677e-10, 1.204171968930478e-10, 6.720030797474823e-11, 9.428023058093494e-11, 3.833011068627131e-11, 6.967023677452838e-11, 1.5216759985910463e-10, 2.0321783838614864e-10, 1.4675684827521329e-10, 8.144812963207431e-11, 1.1519509533062072e-10, 4.3167154698874214e-11, 8.570690497408761e-11, 1.8062211001450237e-10, 2.400600071490442e-10, 1.743037837517852e-10, 9.604588053166346e-11, 1.3721650236980813e-10, -9.548901995186305e-08, -7.715293905431397e-08, 2.2884475125128438e-09, 5.120419216787337e-08, 1.1922112788082526e-09, 1.1096650125284879e-10, 1.605078101420342e-10, -1.8076162875692427e-11, 6.788046777604862e-11, 2.4294687487797774e-10, 3.538389015628628e-10, 2.345770285331892e-10, 1.2613888203383914e-10, 1.8521349467890584e-10, -0.005615603874838314, -0.0006442733974484952, -0.0020141287133652636, 0.0008340472636819702, -0.0007561324412795929, 0.00178444820490309, 4.867935602297179e-09], "Q_min_-0.17": [-0.07193069879315692, 0.131003013656228, 0.1230178696456156, -0.037204808226531064, -0.09079451444502264, -0.006950260668418828, 0.006093862830144578, -0.14733199704356795, 0.2628129586846468, 0.26570030399318084, -0.07488180108570831, -0.19391960593869426, -0.013889320219448682, 0.012207822401277858, -0.23047357929192575, 0.3964077189197234, 0.4521258593567678, -0.1135751905864259, -0.32445212721931055, -0.020817419861553912, 0.01836455701683542, -0.3271113048608117, 0.5331109801461397, 0.714712830095487, -0.15397158095584754, -0.5026436891879753, -0.027765295053614185, 0.024591791264555164, -0.44444027425261845, 0.6747095616140439, 1.0945557374597155, -0.19693596759431747, -0.7540682109558015, -0.03483230580555153, 0.030924102424873222, -0.5873002561473555, 0.8231386644767209, 1.6227175403696072, -0.24331439561068235, -1.097740732565963, -0.042264440154254276, 0.03740224678296906, -0.7309210141671959, 0.9771855725716293, 2.1802402158900134, -0.29199003498905174, -1.4576943004097236, -0.05061159263613006, 0.0440647628965908, -0.5835252192180083, 1.10213894016288, 1.2653379895254286, -0.3208843595702808, -0.8844492783723106, -0.06104091126191356, 0.050916922477686574, -0.5196633227116058, 1.2433698687800412, 0.9137405721538923, -0.39088497232431274, -0.6848700752552248, -0.07598983142792799, 0.05782404585288213, -0.48206884818328277, 1.3915292419020173, 0.7586034949560194, -0.47231577978424505, -0.6047350756422425, -0.10102924398190714, 0.06400941421857229], "q_dot_-0.17": [0.2357061004581093, 0.2795288747202263, 0.3611782127462477, 0.49320092161123863, 0.6646457904230407, 0.6980249699653248, 1.0972626888350727, 0.4389172855972244, 0.24728502301973995], "dist_min_obs_-0.17": [0.18668240178483306, 0.14760904879789455, 0.11484731666863407, 0.07853983368916523, 0.07552647470994323, 0.10154268198972821, 0.005939369812998883, 1.000053526339223e-05, 0.05782995186937251], "initial_cost_-0.17": 2.3591247082031682e-08, "principal_cost_-0.17": 1.4470835839869585e-06, "obstacle_cost_-0.17": 0.0, "terminal_cost_-0.17": 1.0461662955487248e-09, "grad_-0.17": [3.4705994572541066e-09, -8.069313721908593e-10, -1.9664564701949588e-08, 4.721846326461868e-10, 1.2330577048648972e-08, -1.1201117388974771e-11, -2.0096740988700777e-11, 7.740283997946765e-09, -1.7848152066576986e-09, -4.374312101602173e-08, 1.01639664154034e-09, 2.7407429786944678e-08, -1.0959908924623373e-11, -4.2775044424280105e-11, 1.3496143320528144e-08, -3.1085009913397446e-09, -7.616141537513227e-08, 1.7030008687040524e-09, 4.7659040688048466e-08, 1.9775549955042474e-11, -7.049963216218552e-11, 2.0691243822920822e-08, -4.895320241487996e-09, -1.1725593662550922e-07, 2.567996269048297e-09, 7.323295979916139e-08, 1.1913555987707117e-10, -1.0507691259831193e-10, 2.553101250293027e-08, -6.830521394772688e-09, -1.4831889554566335e-07, 3.4140413778949447e-09, 9.224799984233535e-08, 3.6512359676540367e-10, -1.4583319777777834e-10, 7.607761251034021e-10, -5.617805232231445e-09, -2.9360872610514382e-08, 2.297211362004506e-09, 1.628104623359916e-08, 9.150181331730373e-10, -1.8437175552590935e-10, -2.910165529690281e-07, 2.9093540503657657e-08, 1.472424901884991e-06, -1.978131479714035e-08, -9.331985898811738e-07, 2.082166143907708e-09, -1.8964346747402753e-10, 8.353389844278515e-08, -1.6277561025910398e-08, -5.633048089930483e-07, 4.110628817280294e-08, 3.7366581892032724e-07, 4.519601540230942e-09, -5.4963794099783924e-11, 2.6267421978079524e-08, -6.928444504814977e-09, -1.9646034017366355e-07, 1.143019470590035e-08, 1.1944420350410347e-07, 1.0090492387964715e-08, 7.217550095054015e-10, -2.7731641465582148e-06, -3.059518343338277e-05, 4.812017460912634e-06, 1.7566298516843695e-05, -1.1527654386533286e-06, 1.0574731720712161e-05, 6.1853683782531045e-09], "theta": [-0.18, -0.16999999999999998]}