{"Q_min_-0.18": [-0.0410896864451214, 0.13710255993767742, 0.027851879986875903, 0.010416543765115303, 0.022489511479887665, 0.003578474028399171, 0.02836635417678744, -0.08231643872681511, 0.2746139785488844, 0.0559629169774581, 0.021057512723563453, 0.04523872186239121, 0.007207623111987529, 0.0569375590848673, -0.12381493904156647, 0.4129297369871666, 0.08459081625489934, 0.032146184623758574, 0.06850613182482719, 0.010926204188958013, 0.08591513980489304, -0.16571482364350756, 0.5524174239465455, 0.11398971094516686, 0.04390149972976249, 0.092547638455702, 0.01474253047453771, 0.11549156511357116, -0.20813753428346515, 0.6934003905552187, 0.14440638960695676, 0.056528898886432956, 0.11761488847773675, 0.01859670962290697, 0.14583760922074512, -0.2511927191130675, 0.8361402462867605, 0.1760729892809042, 0.07019563718544351, 0.14395392131483178, 0.02227294718764755, 0.1770720453668923, -0.2949749346934496, 0.9808224441124118, 0.20919198737159456, 0.08496613444765069, 0.1718062618470122, 0.0251829507500091, 0.2091863099407486, -0.3395633760684797, 1.1275579944897078, 0.24390355592860916, 0.10063411135091495, 0.20141913495310015, 0.0258143858497722, 0.24185336086755288, -0.3850326135395008, 1.2764349433114663, 0.28021065146692753, 0.11628723349601475, 0.23308373037221897, 0.02030415432099618, 0.27393652350971887, -0.3743285609667765, 1.6326171660348947, 0.272788924420533, 0.010905145344560862, 0.2230817122272601, -0.0012827243175678957, 0.3022176027266232], "q_dot_-0.18": [0.15119360773267196, 0.15228522652658014, 0.15389028853902625, 0.15596349866436632, 0.1584323767429183, 0.1611843769590127, 0.164055742114834, 0.166905246908752, 0.37350591989845966], "dist_min_obs_-0.18": [0.1948284200458775, 0.15352525687444324, 0.11621700796740997, 0.08593848001909093, 0.03528676865499211, 0.0031280263031677746, 1.0000000000058573e-05, 0.00027183054017059644, 0.08870809082457709], "initial_cost_-0.18": 1.1346469764347798e-08, "principal_cost_-0.18": 1.6970833630075877e-07, "obstacle_cost_-0.18": 0.0, "terminal_cost_-0.18": 5.991938087322668e-08, "grad_-0.18": [1.3706583657231605e-10, -4.088586735295787e-10, -2.5915700370629486e-10, -2.2442519333284727e-10, -2.596989026158795e-10, -5.0675055189187446e-11, -2.0485073129242247e-10, 2.7174803305764763e-10, -8.043398270751808e-10, -5.168622868590367e-10, -4.477029417469714e-10, -5.181995799324387e-10, -8.943199338212495e-11, -4.0637581194588216e-10, 4.0138428718973534e-10, -1.1719285210966634e-09, -7.70995412826285e-10, -6.666432058087955e-10, -7.740966684388313e-10, -9.774520860921398e-11, -5.988445886523701e-10, 5.228260380164946e-10, -1.49527964929441e-09, -1.017783971522382e-09, -8.720840506665481e-10, -1.025743391159937e-09, -3.785286278956089e-11, -7.69618798495852e-10, 6.324741896447617e-10, -1.7568891228685339e-09, -1.2499210121575425e-09, -1.0393391423400908e-09, -1.2717828150602822e-09, 1.77941583628675e-10, -8.88392038973217e-10, 7.270307507797364e-10, -1.9423420941094913e-09, -1.4523984167429098e-09, -1.103758963196624e-09, -1.5133076950853814e-09, 7.662340023790357e-10, -8.798284277091114e-10, 8.062257946480057e-10, -2.0533525516447437e-09, -1.5925704663242433e-09, -8.974796410570753e-10, -1.7605325739075454e-09, 2.2785684625984474e-09, -5.52786352947978e-10, 8.807960959910089e-10, -2.141398444462467e-09, -1.5955269813037805e-09, 1.4854758164457593e-11, -2.0517223130308574e-09, 6.141666628539121e-09, 5.838882846382862e-10, -5.617329004374538e-08, -2.0730527390166985e-07, 4.372882258471292e-08, 1.210352102965537e-07, 4.16666135640777e-08, 1.6076647109788052e-08, 3.802083425261669e-09, -0.00011457610164422808, -9.721532089757793e-05, -6.404030977627499e-06, 2.131847836817758e-05, -7.0120376507480105e-06, 9.090713816032703e-05, 2.828107921807396e-08], "Q_min_-0.17": [-0.04415400933962428, 0.1377148124865861, 0.035849265326148634, 0.01164733220701907, 0.0314539543338722, 0.007297252422749189, 0.016422449122134024, -0.08830842208571843, 0.27543006808050186, 0.07169803119162332, 0.023294586434908195, 0.06290901749088518, 0.01459521947034538, 0.03284258032969955, -0.13246362659465896, 0.413146209688523, 0.10754575818500074, 0.03494168316881407, 0.09436626039604804, 0.02189459160626739, 0.049258154341459484, -0.1766199819307608, 0.5508636795199175, 0.1433918308411585, 0.04658854075436704, 0.1258266814398367, 0.02919601117971577, 0.06566708830287477, -0.22077780520951412, 0.6885829175699191, 0.1792355294354241, 0.0582350765478715, 0.1572911785052568, 0.036500048905116995, 0.08206753151946101, -0.2649373612359159, 0.826304357474244, 0.21507601413485616, 0.06988121041900855, 0.1887605313464465, 0.04380718104570569, 0.09845793711634475, -0.30909887323154644, 0.964028439196673, 0.25091231841110767, 0.08152686677160675, 0.2202353919739599, 0.05111766697319259, 0.11483712112798117, -0.335917534127768, 1.1167513811262288, 0.28636871631930544, 0.08549009291452625, 0.2530609924905631, 0.02021115838671489, 0.12838731882136753, -0.39615387834144533, 1.2947483263679256, 0.30287326254667096, 0.047724912025455486, 0.2677527755241281, -0.05049116798969009, 0.12800168476112145, -0.3679429989135536, 1.550894470690933, 0.28841471386666007, -0.05873430561039768, 0.25417179215748664, -0.12119783435130559, 0.12760005076509567], "q_dot_-0.17": [0.15377970725518317, 0.15378049997465945, 0.1537816548344045, 0.15378313461192977, 0.15378489496500575, 0.1537869031126963, 0.16592992815577565, 0.20548662917749452, 0.28832854993262924], "dist_min_obs_-0.17": [0.1833908263226309, 0.1431753025923017, 0.10761095679798227, 0.06771176528396852, 0.025379732566681357, -0.005469943345868367, -0.010490488464725646, -0.007742926271535229, 0.060788617405408474], "initial_cost_-0.17": 1.1824037131136093e-08, "principal_cost_-0.17": 1.473928722068897e-07, "obstacle_cost_-0.17": 0.7011927595140609, "terminal_cost_-0.17": 8.24256333382001e-13, "grad_-0.17": [4.034064698754313e-13, -4.4310732962818235e-13, 4.994606739464606e-13, 7.797912994533518e-14, -1.1088231407743608e-12, -7.146248470029332e-13, 2.3179145684995434e-12, 7.917628463797078e-13, -8.860141054125587e-13, 1.0388720972653169e-12, 1.574939832525817e-13, -2.1797481498807026e-12, -1.4050883258159546e-12, 4.5571958055889734e-12, 1.1508271613141777e-12, -1.3282233734141426e-12, 1.6543372196629346e-12, 2.391483529023814e-13, -3.1781386257965455e-12, -2.047437526374737e-12, 6.640050344652976e-12, 1.4679426514669877e-12, -1.7682186069559006e-12, 2.3740618921704346e-12, 3.2179204850723773e-13, -4.0760216314701425e-12, -2.6181519528418703e-12, 8.490744829031847e-12, 1.732747648450217e-12, -2.20185432343023e-12, 3.2138948335130615e-12, 4.0192236741447805e-13, -4.855775769559851e-12, -3.094415187470723e-12, 1.0037619702519221e-11, 1.9559692288032805e-12, -2.6418181040703388e-12, 4.180423180567864e-12, 4.775185388430381e-13, -5.507786323712186e-12, -3.3537868982031103e-12, 1.122158524731358e-11, -1.734285109940903e-08, -1.4998860207126802e-08, 3.799063680537395e-10, 7.682430209678708e-09, -1.3507398890897903e-09, 3.82169945139646e-08, 2.8289863182500567e-09, 3.3417683317455816e-08, -2.5274003312140908e-08, 1.895185168083224e-08, 4.1728407031990266e-08, 1.813381748303819e-08, 3.9795817789927275e-08, 1.3935831753632445e-08, -8.844722364156909e-08, -7.814919908131061e-08, 3.096309490737642e-08, 6.869403674678241e-08, 2.8272766400206427e-08, 4.339985210507377e-12, 1.59999357796925e-11, -8.286351399082529e-08, -7.943200108781545e-07, 4.822685724209489e-08, 3.3074232637915315e-07, 4.5181906636475813e-08, 2.377347350048605e-07, -4.0163399471384105e-10], "theta": [-0.18, -0.16999999999999998]}