{"Q_min_-0.18": [-0.05189207429097837, 0.11737899106812995, -0.007821676639521309, -0.060376353766128, 
-0.0008073964998303152, 0.00821367440936698, 0.006143283770249465, -0.10378437554681999, 0.23475297892337707, 
-0.015658117141676482, -0.12077383260651703, -0.0016217150688378106, 0.01643754388995949, 0.012284882228977096, 
-0.1556770986892104, 0.3521169650229702, -0.023524079071580377, -0.18121356661552085, -0.0024498685521760085,
 0.024681808657631935, 0.018423108669356158, -0.2075701603610613, 0.46946605563946103, -0.031434271021110696, 
 -0.24171675152350883, -0.0032987532407936513, 0.03295667852401516, 0.02455627344830802, -0.25946074465009, 
 0.5867965464137965, -0.03940293500911844, -0.30230528255442707, -0.004175261245833795, 0.04127237015631488, 0.0306826810907588, 
 -0.3113184137381231, 0.7041170092556785, -0.04743961934462701, -0.36300821370080144, -0.005086493135028539, 0.04963903015065658, 
 0.036800613805848995, -0.36282959276287113, 0.8215622040975304, -0.05550578955804294, -0.42392810219695065, -0.006042029600039745,
  0.05806589615329853, 0.0429081766404578, -0.4103270952556701, 0.9407627498620519, -0.06299365578422797, -0.4860374736419308, 
  -0.007081784861997119, 0.06655273371930345, 0.0490017372241424, -0.36302216021112943, 1.1022774761816063, -0.054530432867542174, 
  -0.572825871892815, -0.009080227107864864, 0.07500915569880276, 0.05506001603953353, -0.3109400433596913, 1.2596777192945219, 
  -0.04469518739475557, -0.6577803667220892, -0.01079601520592555, 0.08308632318305847, 0.06086428707174072], 
  "q_dot_-0.18": [0.14242451888731686, 0.1424370959970222, 0.14245601154605733, 0.1424815720212597, 0.1425166777372761, 0.14259136971288408, 0.14313861812588707, 0.18984420848962136, 0.18682413066443107], "dist_min_obs_-0.18": [0.20255161785238052, 0.16405442899958128, 0.12980227467401134, 0.08700686389323911, 0.052792018371624026, 0.00884313592004856, 0.002452181863409751, 1.600920424726926e-06, 0.052510474926924344], "initial_cost_-0.18": 1.014147695491563e-08, "principal_cost_-0.18": 1.0662191446601759e-07, "obstacle_cost_-0.18": 6.279218205300843e-09, "terminal_cost_-0.18": 2.543827843999386e-10, "grad_-0.18": [2.26964863249811e-13, 5.003212882821952e-12, 1.4763862633862483e-11, 2.1125074261020405e-11, 6.922069177180094e-12, -1.0195071225530515e-11, 1.6853115218330517e-12, 4.218865487864117e-13, 1.0001755654002315e-11, 2.952142774872291e-11, 4.225516861479219e-11, 1.3834914330702542e-11, -2.0395287079933282e-11, 3.3720183485703676e-12, 3.3852946049289715e-13, 1.4895483102270315e-11, 4.4230019626425846e-11, 6.34508989841611e-11, 2.0731205279444856e-11, -3.060509871078238e-11, 5.061661427200402e-12, -2.4773828221906213e-12, 1.8599842155357255e-11, 5.847203847742736e-11, 8.534612293026374e-11, 2.7623316422500675e-11, -4.082176591649231e-11, 6.757136501080772e-12, -3.291520099563144e-11, 1.0027932453461418e-11, 6.802034750082107e-11, 1.1440011545612821e-10, 3.472388415460063e-11, -5.096836204197849e-11, 8.474927360585275e-12, -3.464900632850204e-10, -1.247319999698543e-10, 2.948587790735994e-11, 2.1695734977484146e-10, 4.430457581646237e-11, -6.020600830025587e-11, 1.0369880481392357e-11, -4.01367653194906e-09, -1.7553509226695522e-09, -5.783039872308968e-10, 1.189482948830915e-09, 8.421879694616765e-11, -5.997156336296737e-11, 1.4002250924197366e-11, -9.48024375373397e-08, -4.2314180555033e-08, -1.5951089142870828e-08, 2.4679026805904065e-08, 9.58686983910371e-10, 3.041558650561478e-11, 3.528176829347525e-11, -0.00475849108229557, 0.0029114770599306316, -0.0014377440672350996, -0.0017248195502943512, -2.8264748007988103e-10, 3.7925449524359205e-10, 2.540077831839419e-10, -1.1796978376612314e-05, -4.914146724265345e-06, -5.669387744168464e-06, 7.204493308110138e-06, -1.5532053919611969e-06, 5.652455565786301e-06, 5.804271027831096e-09], "Q_min_-0.17": [-0.05187579757110988, 0.1173700592656717, -0.007873013220227614, -0.06038861424028941, -0.000792974025106791, 0.008215411512468582, 0.00614299630552226, -0.10364577274673298, 0.23468267999428363, -0.01607833173923704, -0.12085443107989455, -0.0014915055475006338, 0.01644100844731748, 0.012284306829625018, -0.15454154525836544, 0.35155346745552657, -0.02693398356194682, -0.18182331431974083, -0.001368315467577859, 0.024686913363729447, 0.018422242847851773, -0.1985457767177204, 0.4650131917978357, -0.05850540994728033, -0.24646892261168882, 0.005313613894565773, 0.03296270252234708, 0.024555099916717848, -0.19032196452461494, 0.5527868130545349, -0.2469802949575255, -0.3383974116285491, 0.06177970965444678, 0.04127364207244829, 0.03068106848167189, 0.2031013934163209, 0.4518564906734638, -1.5937873164919982, -0.6294232155935303, 0.48521011891816873, 0.04959312032631993, 0.0367976048810366, 3.6966456531975456, -1.1674409892713342, -12.254086747374473, -2.5225107680526238, 3.8639593453142673, 0.05767748883262929, 0.04289762214104825, 0.6139568362612976, 0.6632701066488739, -4.619685538223673, -0.3089531533568293, 0.6643347019179829, 0.0640068354439632, 0.048955403320440315, 4.994772401926456, 6.731517813436017, -30.363509300831492, 17.243095262067822, 0.8820199771411162, 0.06160047535913717, 0.0550158541204558, 0.06391115185280301, 1.688472882218682, -4.350989704024851, 1.1593702979762408, 0.12841288603850481, 0.035413300737275354, 0.06413196688757554], "q_dot_-0.17": [0.1423786769714998, 0.14209114998347686, 0.1419015146910965, 0.23460709329744997, 1.4976494842260906, 11.977845764704588, 9.288491115925138, 32.04499134260462, 31.395091524949148], "dist_min_obs_-0.17": [0.19167712099467793, 0.15318204887774511, 0.11921635044810153, 0.0804698038629185, 0.14589986000994687, 0.08340764211850726, 0.20422648512552227, 3.6221489609300495e-05, 0.09182325445616407], "initial_cost_-0.17": 1.014072822521389e-08, "principal_cost_-0.17": 0.001122318345234735, "obstacle_cost_-0.17": 0.0, "terminal_cost_-0.17": 5.651935822050391e-06, "grad_-0.17": [-1.0582239548678749e-10, 5.743853705977025e-11, 3.3230529878181175e-10, 7.720259931573935e-11, -9.444250271294826e-11, -1.0185422380318723e-11, 1.6857814195015299e-12, -8.742026639906328e-10, 4.418332673689951e-10, 2.6503333037003545e-09, 5.030664002411357e-10, -8.217216023166176e-10, -2.0307981563065717e-11, 3.3745058760027444e-12, -6.891541052277513e-09, 3.411063118933835e-09, 2.0715774562623734e-08, 3.6767250521017068e-09, -6.5587392822208585e-09, -2.988424220566656e-11, 5.078949360680607e-12, -5.22280436524604e-08, 2.568610308560987e-08, 1.5690345862491167e-07, 2.728288072491228e-08, -4.978416639773738e-08, -3.515039148357832e-11, 6.888503912033766e-12, -3.8519954574783043e-07, 1.8870394363777039e-07, 1.1583321365242277e-06, 1.9909731494812096e-07, -3.66964313503841e-07, -8.538703770427012e-12, 9.432165589326963e-12, -3.100120901840289e-06, 1.518367157563727e-06, 9.313492409348004e-06, 1.6020617484941125e-06, -2.9553188171323767e-06, 2.3510974756227345e-10, 1.6519139353063858e-11, 6.576233076717473e-06, -3.4500085758650064e-06, -1.8294700640033277e-05, -4.106645167154888e-06, 6.578373869792384e-06, 1.7550218949754578e-09, 
4.223608061958802e-11, -7.463504382601408e-06, -4.237536610866936e-06, 3.337822497175862e-05, -1.5338490800728856e-05, 
-3.417309918619418e-06, 8.73570669615993e-09, -2.6696206234240194e-12, 9.311676815738812e-06, 1.1111292638004479e-05, -5.1756343359414466e-05, 3.363577337951623e-05, 9.712923663257447e-07, 2.3780814537035796e-08, -3.055661967104253e-09, 0.004511564795979014, -0.0023341289464687944, -0.0004286975154528215, -0.003780167241142206, 1.4685029866447205e-05, -0.00024079213986924028, 9.116112738833797e-09], "theta": [-0.18, -0.16999999999999998]}