{"name": "Iteration 78", "Q_trs": [0.01664329597055263, 0.06802578262999513, -0.024071837257568927, -0.07639793515414754, -0.019651630773736967, 0.04739345664240488, 0.01279241937279907, 0.033291873417573566, 0.1360373355749646, -0.04815401814354419, -0.15282568969008725, -0.03929684263910379, 0.09480588731108114, 0.025591281994193606, 0.049950989130832284, 0.20402037592830874, -0.07225691877287196, -0.22931308314276222, -0.05892926093566176, 0.1422563088042176, 0.038403038114254766, 0.06662556626231947, 0.2719601647748855, -0.09639106356715492, -0.3058898952957701, -0.07854305783271728, 0.18976382352818286, 0.051234151982843604, 0.08331647413466665, 0.33983690964894947, -0.12056824063363837, -0.3825853456753781, -0.0981389547530827, 0.23734766246241046, 0.06409110884146689, 0.09997615729200461, 0.4075711795571145, -0.144814527628729, -0.4594218460651483, -0.11779576423670193, 0.28502722831736754, 0.07698042190527611, 0.1159798664964744, 0.47437366563152517, -0.16932524254400158, -0.5363405101413412, -0.1385229047454303, 0.3328221389542801, 0.08990863933378314, 0.12382476355760133, 0.5309970769138023, -0.1963110812991391, -0.612313475900969, -0.17241905065983062, 0.3807522711885304, 0.1028823512172625, 0.09017819390637472, 0.5953009616309729, -0.21324656008276852, -0.7087636993657754, -0.21011641429210046, 0.42883780573713615, 0.11590819695083987, 0.05526651062623869, 0.660932111858601, -0.22844772849022485, -0.8066303863359237, -0.24904480671686596, 0.47709928168388704, 0.12899287748815444, 0.020534314728474737, 0.7255794977675868, -0.24327065818494362, -0.9050389145244754, -0.2876746795273699, 0.5255577595603956, 0.1421432260698051, -0.014132567814871618, 0.7900951600035419, -0.25831303840617903, -1.0036765574319553, -0.3262472441669598, 0.5742362732298243, 0.15536697615332248, -0.04876718758847143, 0.8544691717843594, -0.27346721051367384, -1.1025316956108504, -0.3648019214546936, 0.6231766331028924, 0.16868183776000917, -0.08384176464427805, 0.9196437837757598, -0.2889440427702998, -1.1999254694121713, -0.40302854061325866, 0.6726391502463254, 0.18222357820130303, -0.12530963979285945, 0.9972433820557525, -0.3074028126757008, -1.2753941123218882, -0.43701546108242406, 0.7254820529712626, 0.19753384764437595], "q_dot": [0.11883426854310603, 0.11887643387522596, 0.1189395813115854, 0.11902138103565074, 0.11909270396854661, 0.1188152074664048, 0.11568251215569277, 0.13696539636630697, 0.1391080016074481, 0.13893520223831052, 0.1391115711301298, 0.13929991048497706, 0.13890366901012244, 0.13401273093778632], "dist_min_obs": [0.0849719934457226, 0.04941363127823628, 0.020064152141376357, 0.008797343092967785, 0.014794203780812892, 0.001645987368006363, -0.00269901102004666, -0.009898970735444351, -0.006344532808894854, 0.004018124528997802, 0.01671584588163022, 0.034264030168754844, 0.05813057084035417, 0.08858172663813679], "initial_cost": 7.05828828297567e-09, "principal_cost": 1.15836077137521e-07, "obstacle_cost": 0.013058227121992243, "terminal_cost": 1.0799073755250075e-08, "grad": [-5.2814764683041735e-12, 1.4229685025666592e-11, 1.0343628406336902e-11, 2.981938179217276e-11, -6.4189083701439195e-12, -1.8974026271371083e-11, -6.44324859546423e-12, -1.0538266237782183e-11, 2.85125916253521e-11, 2.0719743352511724e-11, 5.963891673526098e-11, -1.2793568808849587e-11, -3.7990824460214006e-11, -1.2893498666624833e-11, -1.5461418228468625e-11, 4.3251506767377893e-11, 3.1244164955176977e-11, 8.941870033291816e-11, -1.862139950244901e-11, -5.7093230828780913e-11, -1.9357748527678094e-11, -1.6330740859998665e-11, 6.304397251278106e-11, 4.303227220049894e-11, 1.1863822660011986e-10, -1.789997669011401e-11, -7.63242102623558e-11, -2.584299003444823e-11, 3.1224715009227857e-11, 1.4247496589890825e-10, 6.910992860718696e-11, 1.410500101621823e-10, 6.091256325383182e-11, -9.572692072948152e-11, -3.2356205185934923e-11, 6.559739528681629e-10, 9.31783833754427e-10, 2.6442792018193044e-10, 8.216368642272483e-11, 1.0703310251091288e-09, -1.1534478195546348e-10, -3.890436469780556e-11, 8.158812143342868e-09, 1.0179074792133531e-08, 2.475123839864951e-09, -9.456983165651607e-10, 1.3169005405671951e-08, -1.3522159733775665e-10, -4.5494454972328885e-11, 4.1491466712353544e-08, -7.680473434893524e-09, -1.0050359971508108e-08, 2.0477257705178723e-08, 3.801217717869512e-09, -1.5540231435545797e-10, -5.213385009801623e-11, 1.2651136289094015e-09, -1.3272655104574881e-09, -1.7343103761730795e-09, 1.4164635053417386e-09, 1.2310287924956742e-09, -1.759413981451435e-10, -5.883480373719553e-11, -1.7948738237207077e-10, 9.837643186423416e-10, -3.7823871273756744e-10, 5.418412184035128e-10, -2.985196142615534e-10, -1.9700192975769045e-10, -6.566804433608056e-11, -6.531335441759517e-11, 1.3172367303070627e-10, 2.1945052651664585e-10, 2.2911471892816687e-10, -5.730817091403532e-11, -2.2003579292006798e-10, -7.340150186674547e-11, -3.226276974654502e-11, 1.41650455137474e-10, 1.1179188625940098e-10, 2.1749527141522496e-10, -1.7887351856157116e-11, -2.6184620363945563e-10, -9.111152316928902e-11, 4.399572822068129e-10, -8.006002105828043e-10, 3.2266014913112607e-10, -1.4613643775742528e-09, -3.2805812916869294e-10, -5.221572703648601e-10, -2.2687883460717588e-10, 6.393298092774776e-09, -1.2424986288592234e-08, 2.9819376487750785e-09, -2.192513089160398e-08, -4.239698689399666e-09, -3.3803855815042266e-09, -1.7685290017790663e-09, 0.00016953055050892074, -3.091512769511527e-05, 0.00011556309020054392, -2.0510512293112217e-05, 1.665959205259707e-05, -2.074322798795102e-05, 1.5310269401544633e-08]}