{"Q_min_-0.18": [-0.05189207429097837, 0.11737899106812995, -0.007821676639521309, -0.060376353766128, -0.0008073964998303152, 0.00821367440936698, 0.006143283770249465, -0.10378437554681999, 0.23475297892337707, -0.015658117141676482, -0.12077383260651703, -0.0016217150688378106, 0.01643754388995949, 0.012284882228977096, -0.1556770986892104, 0.3521169650229702, -0.023524079071580377, -0.18121356661552085, -0.0024498685521760085, 0.024681808657631935, 0.018423108669356158, -0.2075701603610613, 0.46946605563946103, -0.031434271021110696, -0.24171675152350883, -0.0032987532407936513, 0.03295667852401516, 0.02455627344830802, -0.25946074465009, 0.5867965464137965, -0.03940293500911844, -0.30230528255442707, -0.004175261245833795, 0.04127237015631488, 0.0306826810907588, -0.3113184137381231, 0.7041170092556785, -0.04743961934462701, -0.36300821370080144, -0.005086493135028539, 0.04963903015065658, 0.036800613805848995, -0.36282959276287113, 0.8215622040975304, -0.05550578955804294, -0.42392810219695065, -0.006042029600039745, 0.05806589615329853, 0.0429081766404578, -0.4103270952556701, 0.9407627498620519, -0.06299365578422797, -0.4860374736419308, -0.007081784861997119, 0.06655273371930345, 0.0490017372241424, -0.36302216021112943, 1.1022774761816063, -0.054530432867542174, -0.572825871892815, -0.009080227107864864, 0.07500915569880276, 0.05506001603953353, -0.3109400433596913, 1.2596777192945219, -0.04469518739475557, -0.6577803667220892, -0.01079601520592555, 0.08308632318305847, 0.06086428707174072], "q_dot_-0.18": [0.14242451888731686, 0.1424370959970222, 0.14245601154605733, 0.1424815720212597, 0.1425166777372761, 0.14259136971288408, 0.14313861812588707, 0.18984420848962136, 0.18682413066443107], "dist_min_obs_-0.18": [0.20255161785238052, 0.16405442899958128, 0.12980227467401134, 0.08700686389323911, 0.052792018371624026, 0.00884313592004856, 0.002452181863409751, 1.600920424726926e-06, 0.052510474926924344], "initial_cost_-0.18": 1.014147695491563e-08, "principal_cost_-0.18": 1.0662191446601759e-07, "obstacle_cost_-0.18": 6.279218205300843e-09, "terminal_cost_-0.18": 2.543827843999386e-10, "grad_-0.18": [2.26964863249811e-13, 5.003212882821952e-12, 1.4763862633862483e-11, 2.1125074261020405e-11, 6.922069177180094e-12, -1.0195071225530515e-11, 1.6853115218330517e-12, 4.218865487864117e-13, 1.0001755654002315e-11, 2.952142774872291e-11, 4.225516861479219e-11, 1.3834914330702542e-11, -2.0395287079933282e-11, 3.3720183485703676e-12, 3.3852946049289715e-13, 1.4895483102270315e-11, 4.4230019626425846e-11, 6.34508989841611e-11, 2.0731205279444856e-11, -3.060509871078238e-11, 5.061661427200402e-12, -2.4773828221906213e-12, 1.8599842155357255e-11, 5.847203847742736e-11, 8.534612293026374e-11, 2.7623316422500675e-11, -4.082176591649231e-11, 6.757136501080772e-12, -3.291520099563144e-11, 1.0027932453461418e-11, 6.802034750082107e-11, 1.1440011545612821e-10, 3.472388415460063e-11, -5.096836204197849e-11, 8.474927360585275e-12, -3.464900632850204e-10, -1.247319999698543e-10, 2.948587790735994e-11, 2.1695734977484146e-10, 4.430457581646237e-11, -6.020600830025587e-11, 1.0369880481392357e-11, -4.01367653194906e-09, -1.7553509226695522e-09, -5.783039872308968e-10, 1.189482948830915e-09, 8.421879694616765e-11, -5.997156336296737e-11, 1.4002250924197366e-11, -9.48024375373397e-08, -4.2314180555033e-08, -1.5951089142870828e-08, 2.4679026805904065e-08, 9.58686983910371e-10, 3.041558650561478e-11, 3.528176829347525e-11, -0.00475849108229557, 0.0029114770599306316, -0.0014377440672350996, -0.0017248195502943512, -2.8264748007988103e-10, 3.7925449524359205e-10, 2.540077831839419e-10, -1.1796978376612314e-05, -4.914146724265345e-06, -5.669387744168464e-06, 7.204493308110138e-06, -1.5532053919611969e-06, 5.652455565786301e-06, 5.804271027831096e-09], "Q_min_-0.17": [-0.0216200340090627, 0.1242696689901681, 0.053374997103623416, 0.056605152609283456, 0.027978255402797334, 0.03659569084693887, 0.012422896010926478, -0.04347615243181153, 0.24931707961031435, 0.1072003838140504, 0.11346330467486589, 0.056219105917423434, 0.07330597650933657, 0.02495386746982099, -0.06584466607729139, 0.3759413481680554, 0.1619257356196222, 0.17079276212184374, 0.08497776745374208, 0.11022336810026788, 0.037696338641571285, -0.08911817191649035, 0.5050192582899676, 0.2179991143827819, 0.22872891556380823, 0.1144868751159976, 0.147394913283125, 0.05074069524771162, -0.11398882227839498, 0.6376678596751889, 0.2758672543883536, 0.28723775857045947, 0.14491808092814012, 0.18479695220686865, 0.06414490321392192, -0.14191677088914834, 0.7756940684715207, 0.33597944104622424, 0.3459330419385979, 0.17628244827534287, 0.2223096938171533, 0.07788633710684556, -0.17634590734099967, 0.9228029746606161, 0.3988034929777622, 0.40365057697072476, 0.20817142515580178, 0.25969936609550015, 0.09173898528813322, -0.2258746558304033, 1.087798786860762, 0.46487731556140055, 0.45740239563449997, 0.23908236026239194, 0.29663133395471986, 0.10495673463980663, -0.3094470215347344, 1.2959282247958566, 0.5345412332318847, 0.49781442827979977, 0.26479854172509854, 0.33216567104114725, 0.1154513000510706, -0.2503042279436859, 1.8122896322535844, 0.5688655187028495, 0.36515033988611706, 0.2782178042061119, 0.3192862915218282, 0.11835380491580524], "q_dot_-0.17": [0.15667412831434716, 0.15864397750529635, 0.16163616885656265, 0.16580365083615156, 0.17166703885834944, 0.1808628247303818, 0.19855953280573513, 0.24253359366629534, 0.5378282900933391], "dist_min_obs_-0.17": [0.1909686184369511, 0.15291241985309084, 0.11849276951832227, 0.0900003634082604, 0.06970188995120263, 0.03523663619062725, 1.147416301847115e-05, 0.018242981260671226, 0.0934705789779251], "initial_cost_-0.17": 1.2119882914229116e-08, "principal_cost_-0.17": 2.7651021557213827e-07, "obstacle_cost_-0.17": 0.0, "terminal_cost_-0.17": 2.0142800906943104e-08, "grad_-0.17": [2.360844136861301e-10, -7.777416299781561e-10, -4.5038960680357296e-10, -2.5299945629897673e-10, -2.6259511182876614e-10, -1.1459481545882236e-10, -1.0807544796803424e-10, 5.123952227310375e-10, -1.5768579375947972e-09, -8.999650951448073e-10, -4.713053813954303e-10, -5.178110216925446e-10, -2.071059285336172e-10, -2.114997128557845e-10, 9.049921937190944e-10, -2.4536415641711895e-09, -1.3480269575879075e-09, -6.066959949866262e-10, -7.504461259368751e-10, -2.5415359192581984e-10, -3.018854343900355e-10, 1.5971445227056668e-09, -3.5706912633090492e-09, -1.7947612424119593e-09, -5.726895646867552e-10, -9.220981498869978e-10, -2.304937408865083e-10, -3.5985136006997536e-10, 3.057298248848732e-09, -5.377607411110471e-09, -2.244046652298999e-09, -1.864403614872058e-10, -9.33161535060225e-10, -1.1070268654100678e-10, -3.372259267133289e-10, 6.501187841097976e-09, -9.082697392763687e-09, -2.711865273667284e-09, 9.777483360116071e-10, -5.246095332561672e-10, 1.2306933193778534e-10, -1.1121428836402447e-10, 1.5099612037552304e-08, -1.7886906011050375e-08, -3.2497706521004165e-09, 3.9657163683516325e-09, 9.780417738687563e-10, 4.5770441912715036e-10, 6.348988296142467e-10, 3.4043617214927474e-08, -4.313362573494882e-08, -3.5900950868458198e-09, 1.3339786018475413e-08, 5.194753643883555e-09, 1.3976307727923208e-09, 2.72318394040945e-09, -1.4271515929537962e-07, -3.082319695226332e-07, 3.533963219951941e-08, 1.730761210389825e-07, 1.2296918981693219e-08, 4.841371660574644e-08, 7.592060546529319e-09, 2.6657997956641975e-05, -0.00010577992988579112, -5.026589975608188e-06, -2.2313776934081413e-05, 9.439445620930173e-06, 4.654268621550268e-05, 2.9025048213050137e-09], "theta": [-0.18, -0.16999999999999998]}