{"Q_min_-0.17": [-0.029077719118795996, 0.1453130556908133, 0.10171342071152106, 0.05599307113051712, 0.05584648247002893, 0.054452997682336385, -0.03933010205002042, -0.058155472027451215, 0.29062478524028384, 0.20342989004434084, 0.11198430574506243, 0.1116892046700457, 0.10890495215636024, -0.07865866829655536, -0.08723329055946442, 0.43593385529043227, 0.30515244223267873, 0.16797186526979072, 0.1675243885175823, 0.16335481652934009, -0.11798415659350632, -0.11631120269196495, 0.5812389181493326, 0.4068840829127688, 0.22395390696612388, 0.22334822039512608, 0.2178015365897341, -0.15730501234826424, -0.14538923108940183, 0.7265386050656828, 0.5086277752188803, 0.27992858186326663, 0.2791568334821804, 0.27224404730405555, -0.19661966292654884, -0.1744674014681431, 0.8718315106779455, 0.6103864265407841, 0.33589403988023275, 0.3349462903830493, 0.326681278472544, -0.23592651467729603, -0.20354619576403743, 1.0171152869895188, 0.7121629199907455, 0.3918488848855929, 0.3907126784956307, 0.3811128840762622, -0.2752240875723521, -0.2326460580800622, 1.1623415916550632, 0.8139611986461592, 0.4478147147570923, 0.44645757798243746, 0.4355831596875518, -0.31452008341753784, -0.23531230253196675, 1.3237725460640613, 0.912426630766165, 0.4897517536733749, 0.5015877814693711, 0.48638916973647817, -0.35425948373543314, -0.18270661182226364, 1.8328082016177238, 0.9602093430469306, 0.4425231473751531, 0.4688895228426519, 0.4264244490127994, -0.3939260403735924], "q_dot_-0.17": [0.20753899401757808, 0.20753597117122008, 0.20753138847528824, 0.20752518865204095, 0.2075172962836379, 0.20750744613811367, 0.2074878917851856, 0.21147346970187733, 0.5221463068240431], "dist_min_obs_-0.17": [0.17548942424058175, 0.13178298816714068, 0.09641500299279038, 0.0729942461476733, 0.04718225668121051, 0.013468403584261102, -2.410173649824987e-07, 1.0000000000010001e-05, 0.11448963457395253], "initial_cost_-0.17": 2.1536528679475912e-08, "principal_cost_-0.17": 3.0940569115509443e-07, "obstacle_cost_-0.17": 7.261171272429377e-13, "terminal_cost_-0.17": 3.8306806217096803e-10, "grad_-0.17": [3.37898592231421e-14, 1.3261413427393388e-12, -3.0486212987119836e-12, 1.8365159718101973e-12, 3.760270012153815e-12, 1.0432083125183165e-12, -1.5358034854643553e-12, 6.562335799006206e-14, 2.659499322121264e-12, -6.082855518127505e-12, 3.675089817028039e-12, 7.53835248016215e-12, 2.0901010440206033e-12, -3.0779495839919706e-12, 9.360048731131797e-14, 4.007191248105078e-12, -9.088491752149391e-12, 5.5178283951205626e-12, 1.1351969992837706e-11, 3.144312585815838e-12, -4.6325421930298805e-12, 1.1626493635879587e-13, 5.37594255011588e-12, -1.2051626021418208e-11, 7.366799190413933e-12, 1.5218790489461858e-11, 4.209346072590425e-12, -6.205176473335059e-12, 1.4198130439361073e-13, 6.781304087497415e-12, -1.495901579241377e-11, 9.216880176631447e-12, 1.9156186185417262e-11, 5.2795458329532435e-12, -7.798827537402949e-12, 6.23917153054469e-13, 9.129300689392312e-12, -1.7842128057554297e-11, 1.06130116059908e-11, 2.3068788287508028e-11, 5.625564770298254e-12, -9.278855691099227e-12, 2.10680201304353e-11, 5.7471646028878675e-11, -2.1785205452248e-11, -1.098486613926506e-11, 2.14886257746146e-11, -3.8670007571407725e-11, -1.5770498703582566e-12, 2.6384590913616845e-06, 1.5881769466952566e-06, -3.0721262688320396e-07, -1.4179911158372447e-06, -3.47106623694079e-08, -5.117494947248348e-07, 4.434044282197648e-10, -5.527193516160767e-08, -3.476047011446646e-07, 5.068271983924022e-08, 8.916564521450449e-08, 8.782846211365286e-08, 1.1077073077260513e-07, -7.284367973603528e-11, 1.939319589480378e-06, -1.8419907449849924e-05, -1.9816677749106564e-06, -4.534031352358521e-06, 1.619413825299517e-06, 5.447386887552145e-06, -3.966655660160181e-08], "Q_min_-0.18": [-0.029058612984270954, 0.14537590879428822, 0.10170078860234227, 0.055976143535922916, 0.05582423264364694, 0.05442209822394074, -0.03932434092475723, -0.058101706694533614, 0.29080224704647434, 0.20339248260605317, 0.11193777459615396, 0.11162891344410364, 0.10881869461707275, -0.07864337739419625, -0.08710131951276998, 0.4363708335425126, 0.3050562271814364, 0.16786018955504237, 0.16738180652413817, 0.16314468213187952, -0.11794875676919447, -0.11599512511079231, 0.5822888754042446, 0.4066459468117593, 0.223690360763872, 0.2230152427208869, 0.217300281357299, -0.15722360725328285, -0.14464095949472713, 0.7290437679561632, 0.5080495738631676, 0.27930783610524884, 0.27837493742604674, 0.2710530651887389, -0.1964303285878668, -0.17274136301481927, 0.8777912057505166, 0.6089994684640181, 0.3344455957775867, 0.33309523305467215, 0.323856160397061, -0.23548209368925258, -0.19992804050992358, 1.0313179915931157, 0.7088673350267707, 0.38860598365317006, 0.3862555529876875, 0.37441463180954976, -0.27417551133997037, -0.22789134445945577, 1.1968473362881817, 0.8062020436854085, 0.4415872373464925, 0.43515661546634027, 0.4195475492455436, -0.3120212180349392, -0.22037666696841884, 1.424804718515711, 0.8908948311152792, 0.47002139911395907, 0.46966395667614425, 0.44031266857676077, -0.3476544412797416, -0.19029197032208106, 1.821570992431744, 0.9446145183346021, 0.4634784935460744, 0.4544142546586507, 0.39215303103288257, -0.3754278228725119], "q_dot_-0.18": [0.2075677351065222, 0.20760210795666384, 0.2076892585704489, 0.20790576236192326, 0.20845624160667736, 0.20999020693225756, 0.21522908896939785, 0.25078692482843956, 0.40568515418092943], "dist_min_obs_-0.18": [0.18835668081200238, 0.14431869034244776, 0.1079771961995924, 0.08280477551748294, 0.055769213782785876, 0.016605042988350777, 1.0000000000010001e-05, 0.006518917219192233, 0.11154124978447325], "initial_cost_-0.18": 2.1539725204171103e-08, "principal_cost_-0.18": 2.669453062163388e-07, "obstacle_cost_-0.18": 0.0, "terminal_cost_-0.18": 1.9183826479303208e-10, "grad_-0.18": [-1.5519274008296618e-11, -5.04294578978833e-11, 9.09459863138401e-12, 1.4512475691863943e-11, 1.955184319024461e-11, 2.5501830808732054e-11, -5.30445531821645e-12, -4.34808920262951e-11, -1.4224824385213174e-10, 2.7949428327665085e-11, 3.921610134264875e-11, 5.178772042216244e-11, 7.06088783252314e-11, -1.3657094440781359e-11, -1.0580722021402958e-10, -3.494553656937246e-10, 7.402494506028091e-11, 9.224375005877205e-11, 1.1945688328579432e-10, 1.7038828938729052e-10, -3.052889090984668e-11, -2.479712140875119e-10, -8.368506901866997e-10, 1.8609257891462245e-10, 2.1269586745278675e-10, 2.737414915889049e-10, 4.028153939795986e-10, -6.812914950444105e-11, -5.454308638426906e-10, -1.9925452424347433e-09, 4.537324505578475e-10, 4.797156690389725e-10, 6.39399076534431e-10, 9.496886231177876e-10, -1.5495623319816563e-10, -9.137260249878188e-10, -4.779348048245631e-09, 1.0820280380978661e-09, 9.77371796754506e-10, 1.5599756956100624e-09, 2.2446237958333395e-09, -3.583474506679861e-10, 7.766264544278864e-10, -1.2002558852467024e-08, 2.5331579041147894e-09, 1.1791341822609e-09, 4.259257454362559e-09, 5.425553976494917e-09, -8.477109557489533e-10, -3.547798144056913e-08, -6.242803753246329e-08, 1.2641921228767062e-08, 2.4547091925855915e-08, 1.4393721268848804e-08, 2.436779810477668e-08, -2.212483450166445e-09, -2.2570019155300856e-08, -1.6880889168850357e-07, 3.09731002105479e-08, 3.497706733535122e-08, 4.975704322729752e-08, 6.892475687509537e-08, -7.859841652032077e-09, -1.3490622847377072e-06, -1.6729118983791836e-05, -1.4536118539119183e-06, -3.741964880534836e-07, 1.5497226985042992e-06, 4.10432904690637e-06, -2.7773381589202212e-08], "theta": [-0.16999999999999998, -0.18]}