{"name": "Iteration 79", "Q_trs": [0.016643296023367393, 0.06802578248769828, -0.024071837361005214, -0.07639793545234136, -0.01965163070954789, 0.047393456832145145, 0.012792419437231558, 0.03329187352295619, 0.13603733528983866, -0.04815401835074164, -0.1528256902864764, -0.039296842511168155, 0.0948058876909894, 0.025591282123128594, 0.049950989285446064, 0.20402037549579316, -0.07225691908531374, -0.22931308403694917, -0.05892926074944842, 0.14225630937514994, 0.03840303830783225, 0.06662556642562203, 0.2719601641444398, -0.09639106399747907, -0.3058898964821517, -0.07854305765372532, 0.18976382429142497, 0.051234152241273506, 0.08331647382236178, 0.3398369082241288, -0.12056824132475458, -0.38258534708587005, -0.0981389553623014, 0.2373476634196797, 0.06409110916502894, 0.0999761507315773, 0.4075711702384304, -0.14481453027320973, -0.4594218468866883, -0.11779577494112106, 0.2850272294708154, 0.07698042229431976, 0.11597978490889815, 0.47437356384364815, -0.1693252672924474, -0.536340500686262, -0.13852303643338565, 0.3328221403064961, 0.08990863978872769, 0.12382466146102358, 0.5309971697485597, -0.19631084889499495, -0.6123136465671434, -0.17241909345932327, 0.3807522727425536, 0.10288235173860101, 0.0901781978749234, 0.5953009456759224, -0.21324654750080377, -0.7087636892423554, -0.2101164380103268, 0.4288378074965502, 0.11590819753918792, 0.05526653510462235, 0.6609320865096613, -0.2284477246960338, -0.8066303719496016, -0.24904481635717174, 0.4770992836539065, 0.12899287814483498, 0.020534315381843225, 0.7255794964501088, -0.24327066037937822, -0.9050389168154547, -0.2876746789543943, 0.5255577617607554, 0.1421432268038211, -0.014132567492287841, 0.7900951585871325, -0.25831303952412976, -1.0036765596067412, -0.3262472439880513, 0.5742362758483082, 0.15536697706444952, -0.04876719198860024, 0.8544691797914311, -0.27346721374052557, -1.1025316809953272, -0.3648019181737529, 0.6231766383247258, 0.16868184002893807, -0.0838418293660896, 0.9196439081606175, -0.288944073128607, -1.1999252500618427, -0.4030284982918745, 0.6726391841416748, 0.18222359588473128, -0.12538864789882712, 0.9972571222918016, -0.3074567632342937, -1.2753837862666737, -0.4370229399938616, 0.7254912648979394, 0.1975336945654129], "q_dot": [0.11883426875381897, 0.11887643408437462, 0.11893958149678702, 0.11902138092769708, 0.11909270037444955, 0.11881516447059674, 0.11568263837871334, 0.13696521393142064, 0.13910798612919692, 0.13893522907575315, 0.13911157124030502, 0.13929990451395455, 0.13890359928767515, 0.1340523149654603], "dist_min_obs": [0.08497199351231399, 0.04941363129014964, 0.020064152147787784, 0.008797342814921144, 0.014794203718142218, 0.001645967826977568, -0.0026990202508409555, -0.009898970601743162, -0.006344531150706767, 0.004018124261524925, 0.016715845575174915, 0.034264030753894364, 0.05813058720475736, 0.08857286626556815], "initial_cost": 7.0582883080013945e-09, "principal_cost": 1.1584135789604894e-07, "obstacle_cost": 0.013058230942754628, "terminal_cost": 2.3398500332984943e-11, "grad": [-5.281476221407304e-12, 1.422968555789445e-11, 1.0343628731207125e-11, 2.981938179369477e-11, -6.418907927625162e-12, -1.897402669911102e-11, -6.443248665477366e-12, -1.053826290107125e-11, 2.8512596185896603e-11, 2.0719744835682958e-11, 5.963891633769812e-11, -1.27935633400014e-11, -3.7990825316281407e-11, -1.2893498806623047e-11, -1.546137768610018e-11, 4.325155730786186e-11, 3.124417759321957e-11, 8.941869472978198e-11, -1.8621334003356502e-11, -5.7093232114490474e-11, -1.935774873759274e-11, -1.6330256563772626e-11, 6.304456895759538e-11, 4.303241511018057e-11, 1.1863815851582332e-10, -1.7899195700833793e-11, -7.63242119797045e-11, -2.5842990314183574e-11, 3.123048752422487e-11, 1.424820653874267e-10, 6.911162117964657e-11, 1.4104919709990167e-10, 6.092187024359266e-11, -9.572692288095478e-11, -3.2356205535376074e-11, 6.560427318946631e-10, 9.318684090838749e-10, 2.644480707825188e-10, 8.215399875548671e-11, 1.070441913444922e-09, -1.153447845450225e-10, -3.89043651171228e-11, 8.158757625195428e-09, 1.017878770030617e-08, 2.4748445833098783e-09, -9.4550791869241e-10, 1.3168795533673033e-08, -1.3522160037676934e-10, -4.549445546538118e-11, 4.149134013822561e-08, -7.680170022451139e-09, -1.0049882996738731e-08, 2.0476896794330728e-08, 3.8012875250659146e-09, -1.554023179391434e-10, -5.213385071359205e-11, 1.265199184200866e-09, -1.3273649063761875e-09, -1.7345214105787814e-09, 1.416640032034134e-09, 1.231033795841385e-09, -1.7594140335968993e-10, -5.883480506015217e-11, -1.7944304752192663e-10, 9.837308932913925e-10, -3.7824151188561863e-10, 5.418621586068481e-10, -2.9851574962236207e-10, -1.970019494925754e-10, -6.566805333905975e-11, -6.533684864804932e-11, 1.3174780342373344e-10, 2.1944346140712017e-10, 2.290979254334617e-10, -5.729756356554146e-11, -2.2003598070385778e-10, -7.34016016422917e-11, -3.225837781867496e-11, 1.4164093272517273e-10, 1.1179507164427062e-10, 2.1747859729949058e-10, -1.7890847955444124e-11, -2.6184838886489556e-10, -9.11127038601427e-11, 4.400128811769643e-10, -8.00707164887769e-10, 3.2268517168559954e-10, -1.4615523220704672e-09, -3.2809406757999914e-10, -5.221833405313307e-10, -2.268928913046459e-10, 6.47218115524816e-09, -1.24384857619978e-08, 3.035830717605324e-09, -2.1935032861684527e-08, -4.232138416134461e-09, -3.3895349393156016e-09, -1.7683428248884154e-09, 7.856861034307688e-06, -1.364367071523922e-06, 5.365320703486404e-06, -1.0251996744503569e-06, 7.433906780412659e-07, -9.144827498145311e-07, 1.531009870899564e-08]}