{"name": "Convergence", "Q_trs": [0.016643296030286126, 0.06802578246905737, -0.024071837374555368, -0.07639793549140474, -0.019651630701139126, 0.04739345685700112, 0.012792419445672214, 0.03329187353676131, 0.13603733525248718, -0.0481540183778845, -0.1528256903646034, -0.03929684249440858, 0.09480588774075738, 0.02559128214001908, 0.049950989305700466, 0.20402037543913362, -0.07225691912624362, -0.22931308415408766, -0.05892926072505447, 0.14225630944994205, 0.03840303833319091, 0.0666255664470146, 0.27196016406185136, -0.09639106405385155, -0.30588989663756777, -0.07854305763027748, 0.1897638243914097, 0.05123415227512783, 0.08331647378144905, 0.3398369080374764, -0.12056824141529103, -0.38258534727064447, -0.09813895544211032, 0.237347663545082, 0.06409110920741556, 0.09997614987215181, 0.40757116901767104, -0.14481453061963948, -0.4594218469943087, -0.11779577634341537, 0.2850272296219171, 0.07698042234528446, 0.1159797742209264, 0.4743735505094757, -0.1693252705344579, -0.5363404994476744, -0.13852305368448017, 0.33282214048363645, 0.08990863984832542, 0.12382464308413778, 0.5309971832705735, -0.196310820270372, -0.6123136705146374, -0.17241909853840076, 0.3807522729461306, 0.10288235180689635, 0.09017819994503264, 0.5953009478773604, -0.2132465443544459, -0.7087636904271454, -0.21011644007967173, 0.4288378077270335, 0.1159081976162615, 0.055266534209948474, 0.6609320857455916, -0.22844772528585458, -0.8066303720265319, -0.249044816510916, 0.4770992839119791, 0.12899287823086011, 0.02053431546743337, 0.7255794962775185, -0.2432706606668494, -0.9050389171155727, -0.2876746788793348, 0.5255577620490026, 0.14214322689997722, -0.014132567450029965, 0.7900951584015841, -0.25831303967058167, -1.0036765598916357, -0.3262472439646139, 0.5742362761913298, 0.15536697718380732, -0.04876719256502481, 0.8544691808403723, -0.2734672141632466, -1.1025316790806678, -0.3648019177439447, 0.6231766390087895, 0.1686818403261697, -0.08384183784812922, 0.9196439244555448, -0.288944077107936, -1.199925221326474, -0.403028492748087, 0.6726391885823202, 0.18222359820123507, -0.12539178084182134, 0.9972576025144603, -0.30745891160728234, -1.2753833041636045, -0.4370232091706988, 0.7254915860183385, 0.197533674509205], "q_dot": [0.11883426878142239, 0.11887643411177308, 0.1189395815210485, 0.11902138091355471, 0.11909269990361761, 0.11881515883819654, 0.11568265655516116, 0.13696518989651046, 0.1391079845773452, 0.1389352291796111, 0.13911157125473703, 0.13929990373174267, 0.13890359015533607, 0.13405378488707423], "dist_min_obs": [0.0849719935210374, 0.04941363129170995, 0.02006415214862739, 0.008797342778496586, 0.014794203709932341, 0.001645965267103644, -0.0026990234135633173, -0.009898969033160676, -0.006344531709296025, 0.004018124226485453, 0.01671584553502911, 0.03426403083054888, 0.05813058934789267, 0.08857248101824505], "initial_cost": 7.0582883112797635e-09, "principal_cost": 1.1584155145981566e-07, "obstacle_cost": 0.013058230049725813, "terminal_cost": 8.301453968371159e-13, "grad": [-5.281476189057925e-12, 1.422968562756291e-11, 1.0343628773767222e-11, 2.981938179390653e-11, -6.418907869670824e-12, -1.8974026755132245e-11, -6.443248674651752e-12, -1.053826246397247e-11, 2.8512596783372468e-11, 2.0719745029977758e-11, 5.963891628561883e-11, -1.2793562623565237e-11, -3.799082542842635e-11, -1.2893498824967345e-11, -1.546137237497861e-11, 4.3251563928708124e-11, 3.124417924881826e-11, 8.94186939958544e-11, -1.8621325422880373e-11, -5.709323228298137e-11, -1.935774876508309e-11, -1.6330193120310045e-11, 6.304464709269223e-11, 4.3032433831554234e-11, 1.1863814959657962e-10, -1.7899093390171118e-11, -7.632421220462653e-11, -2.584299035081927e-11, 3.123124373168207e-11, 1.424829954304101e-10, 6.911184290896003e-11, 1.4104909058754672e-10, 6.092308947221366e-11, -9.572692316284227e-11, -3.235620558115977e-11, 6.560517419281749e-10, 9.318794883899553e-10, 2.6445071046997374e-10, 8.215272970139662e-11, 1.0704564397597517e-09, -1.1534478488420579e-10, -3.8904365172065686e-11, 8.158755485563207e-09, 1.0178748730706843e-08, 2.474809821095686e-09, -9.454813864026371e-10, 1.3168767512855785e-08, -1.352216007748403e-10, -4.549445552996734e-11, 4.149131200231653e-08, -7.680131845689049e-09, -1.0049825651840208e-08, 2.047684884554501e-08, 3.8012966873503776e-09, -1.5540231840870992e-10, -5.2133850794222704e-11, 1.265222595979022e-09, -1.3273732614442753e-09, -1.7345431526652167e-09, 1.4166616868784787e-09, 1.23103488997331e-09, -1.7594140404270268e-10, -5.88348052334572e-11, -1.7944699256906403e-10, 9.837273363042472e-10, -3.7824555041385153e-10, 5.418634896543531e-10, -2.985140628254957e-10, -1.9700195207795012e-10, -6.566805451849192e-11, -6.533582505176581e-11, 1.3174840786134917e-10, 2.194436227374308e-10, 2.2909768702216746e-10, -5.729728313966149e-11, -2.2003600530362025e-10, -7.340161471300434e-11, -3.225780246848828e-11, 1.4163968527735788e-10, 1.1179548893266996e-10, 2.1747641296909555e-10, -1.789130594831599e-11, -2.6184867513257086e-10, -9.11128585322764e-11, 4.40020168109566e-10, -8.007211763842965e-10, 3.2268845202448745e-10, -1.4615769432260195e-09, -3.280987751885254e-10, -5.221867560709619e-10, -2.2689473270298637e-10, 6.475297710587709e-09, -1.2438934443743017e-08, 3.037971554656905e-09, -2.1935459408675584e-08, -4.231858581530472e-09, -3.3898478624876392e-09, -1.7683184329045647e-09, 1.4462135040850534e-06, -1.9398776270060412e-07, 9.955991185711876e-07, -2.543389351884025e-07, 1.1243422460882822e-07, -1.2934742074491681e-07, 1.5310076319306365e-08]}